Goal,Team,Player,X,Y,Angle,Distance,F_Touch,Aerial,Open
0,Tottenham Hotspur,Moussa Sissoko,91.9,36.9,0.27978540677757113,28.27047930262237,0,0,0
0,Liverpool,Trent Alexander-Arnold,90.2,20.700000000000003,0.18945690620088929,35.50394344294728,0,0,0
0,Liverpool,Mohamed Salah,95.2,32.8,0.29616671750373874,25.824019826510355,0,0,0
0,Liverpool,Mohamed Salah,113.0,20.5,0.13483555512514897,20.71834935510066,0,0,0
0,Liverpool,Andrew Robertson,98.4,59.6,0.20434025013261387,29.16710475861462,0,0,0
0,Liverpool,Mohamed Salah,97.6,42.6,0.34929917245077186,22.550388023269143,1,0,0
0,Liverpool,Jordan Brian Henderson,89.0,32.1,0.24161809924573865,31.990779921721195,0,0,0
0,Liverpool,Mohamed Salah,94.0,48.7,0.27581229292701276,27.416965550549172,0,0,0
0,Tottenham Hotspur,Christian Dannemann Eriksen,96.1,38.4,0.3305680983188276,23.953496613229568,0,0,0
0,Liverpool,Fábio Henrique Tavares,88.6,41.0,0.25341517339075376,31.415919531345896,0,0,0
0,Liverpool,Mohamed Salah,110.2,27.299999999999997,0.31444720107809104,16.041508657230466,0,0,0
0,Tottenham Hotspur,Bamidele Alli,110.8,30.6,0.4388365201113947,13.152946437965907,0,0,0
0,Tottenham Hotspur,Danny Rose,101.6,54.4,0.2712230405582106,23.364930986416375,1,0,0
0,Tottenham Hotspur,Jan Vertonghen,110.7,29.700000000000003,0.3991923919088302,13.877319625921999,0,1,0
0,Tottenham Hotspur,Christian Dannemann Eriksen,92.1,33.3,0.2700086736011426,28.693204770467872,0,0,0
0,Liverpool,James Philip Milner,103.1,34.1,0.41837011967736193,17.900279327429505,0,0,0
0,Tottenham Hotspur,Bamidele Alli,106.0,52.8,0.3152197615091073,18.969449122207003,1,0,0
0,Tottenham Hotspur,Bamidele Alli,113.4,42.6,0.9953127648139448,7.093659140387275,0,1,0
0,Tottenham Hotspur,Heung-Min Son,90.8,35.1,0.26530226500523935,29.608275870100915,0,0,0
0,Tottenham Hotspur,Lucas Rodrigues Moura da Silva,106.2,41.4,0.5597471197550046,13.870832707519758,0,0,0
0,Tottenham Hotspur,Heung-Min Son,94.7,43.1,0.30946067093862395,25.48921340488953,0,0,0
0,Liverpool,Jordan Brian Henderson,93.6,26.6,0.24091820424927873,29.606080456554867,0,0,0
0,Tottenham Hotspur,Lucas Rodrigues Moura da Silva,112.2,38.0,0.90750956987386,8.052328855678956,0,0,0
0,Liverpool,Virgil van Dijk,106.0,41.1,0.5541299834609469,14.04314779527724,1,0,0
1,Liverpool,Divock Okoth Origi,106.1,48.4,0.42228434731329734,16.240997506311,0,0,0
0,Tottenham Hotspur,Danny Rose,96.9,52.8,0.26508444522228203,26.409278672466606,0,0,0
0,Tottenham Hotspur,Heung-Min Son,104.5,55.2,0.2661785666970834,21.709214633422373,0,0,0
0,Tottenham Hotspur,Harry Kane,104.1,55.3,0.2640962069507327,22.065810658119954,0,0,0
0,Liverpool,Georginio Wijnaldum,98.1,27.9,0.2799581487221194,25.020391683584815,0,0,0
0,Liverpool,Mohamed Salah,96.6,28.5,0.2751466871673645,26.073166282597906,1,0,0
0,Liverpool,Roberto Firmino Barbosa de Oliveira,112.1,49.4,0.4389786334423051,12.278843593759147,0,0,0
0,Real Madrid,Marcelo Vieira da Silva Júnior,94.5,53.1,0.24818695051731213,28.668100739323492,0,0,0
0,Liverpool,James Philip Milner,101.2,49.4,0.3398792958414796,21.01903898849802,1,0,0
0,Liverpool,Mohamed Salah,104.5,38.9,0.5033199784225109,15.53898323572041,0,0,0
0,Liverpool,Sadio Mané,103.7,44.1,0.45550231178815603,16.80773631397161,0,0,0
0,Real Madrid,Cristiano Ronaldo dos Santos Aveiro,111.7,21.299999999999997,0.16363955190309026,20.45922774691166,0,0,0
0,Liverpool,Virgil van Dijk,116.5,42.9,1.4071655993820265,4.545327270945403,0,0,0
0,Liverpool,Roberto Firmino Barbosa de Oliveira,105.7,38.6,0.5414419553245862,14.368368035375482,0,0,0
0,Liverpool,Trent Alexander-Arnold,106.4,24.700000000000003,0.2639318013279336,20.470710783946895,0,0,0
0,Real Madrid,Luka Modrić,107.1,26.799999999999997,0.3080997576910087,18.456706098326435,0,0,0
0,Real Madrid,Karim Benzema,108.8,47.6,0.4924429130188752,13.535139452550908,0,0,0
0,Real Madrid,Cristiano Ronaldo dos Santos Aveiro,112.7,40.1,1.0032579554697627,7.30068489937759,0,1,0
0,Real Madrid,José Ignacio Fernández Iglesias,110.3,25.6,0.2657210525191071,17.362315513778686,1,0,0
0,Real Madrid,Karim Benzema,93.6,52.5,0.24735935784099822,29.209758643302756,0,0,0
0,Real Madrid,Francisco Román Alarcón Suárez,105.9,44.4,0.5094212678976363,14.770578864756784,1,0,0
1,Real Madrid,Karim Benzema,103.7,33.6,0.4221490750393517,17.511424842085233,1,0,0
0,Liverpool,Dejan Lovren,110.0,42.4,0.7286488977573775,10.28396810574595,0,1,0
1,Liverpool,Sadio Mané,117.0,38.9,1.8085645596668556,3.1953090617340916,0,0,0
0,Real Madrid,Francisco Román Alarcón Suárez,111.3,35.4,0.711458389481437,9.841239759298626,0,0,0
1,Real Madrid,Gareth Frank Bale,104.7,41.9,0.5049411047860698,15.41752249876743,1,0,0
0,Liverpool,Sadio Mané,98.8,32.5,0.33374466592156293,22.487552112224225,0,0,0
0,Liverpool,Roberto Firmino Barbosa de Oliveira,110.0,20.6,0.17224103017594755,21.825672956406173,1,0,0
0,Real Madrid,Cristiano Ronaldo dos Santos Aveiro,107.2,41.4,0.6001903306695002,12.876334882255897,0,0,0
0,Real Madrid,Karim Benzema,106.8,49.8,0.39402049760038826,16.44019464604966,1,0,0
1,Real Madrid,Gareth Frank Bale,90.2,21.4,0.19348251583343182,35.12833614050059,0,0,0
0,Liverpool,Adam David Lallana,104.3,44.8,0.46041721085404874,16.417368851311103,0,0,0
0,Juventus,Gonzalo Gerardo Higuaín,106.0,43.0,0.535473004983765,14.317821063276355,0,0,0
0,Juventus,Gonzalo Gerardo Higuaín,92.0,31.0,0.2582198818206235,29.410882339705488,0,0,0
0,Juventus,Miralem Pjanić,98.0,45.0,0.34323599761768653,22.561028345356956,0,0,0
1,Real Madrid,Cristiano Ronaldo dos Santos Aveiro,105.0,36.0,0.4904363247111201,15.524174696260022,1,0,0
0,Juventus,Miralem Pjanić,105.0,29.0,0.34912684282615997,18.601075237738275,0,0,0
0,Juventus,Gonzalo Gerardo Higuaín,100.0,41.0,0.3942562685010108,20.024984394500784,1,0,0
1,Juventus,Mario Mandžukić,106.0,50.0,0.3808944605837403,17.204650534085253,0,0,0
0,Real Madrid,Cristiano Ronaldo dos Santos Aveiro,105.0,38.0,0.5135546912291614,15.132745950421555,1,0,0
0,Real Madrid,Cristiano Ronaldo dos Santos Aveiro,112.0,35.0,0.7205190938701962,9.433981132056603,0,0,0
0,Juventus,Miralem Pjanić,97.0,43.0,0.33922780533082997,23.194827009486403,1,0,0
0,Real Madrid,Carlos Henrique Casimiro,90.0,26.0,0.21888916449496573,33.1058907144937,0,0,0
0,Real Madrid,Francisco Román Alarcón Suárez,94.0,32.0,0.28003833261378497,27.202941017470888,0,0,0
0,Real Madrid,Luka Modrić,93.0,42.0,0.2928993787036498,27.073972741361768,0,0,0
0,Real Madrid,Marcelo Vieira da Silva Júnior,103.0,54.0,0.2825263534453774,22.02271554554524,0,0,0
0,Real Madrid,Francisco Román Alarcón Suárez,99.0,48.0,0.33125527464116494,22.472205054244228,0,0,0
0,Real Madrid,Toni Kroos,103.0,51.0,0.3327091248943921,20.248456731316583,1,0,0
1,Real Madrid,Carlos Henrique Casimiro,90.0,46.0,0.2554376577179423,30.594117081556703,1,0,0
1,Real Madrid,Cristiano Ronaldo dos Santos Aveiro,117.0,33.0,0.5199131000704225,7.615773105863908,1,0,0
0,Real Madrid,Cristiano Ronaldo dos Santos Aveiro,111.0,38.0,0.8074099782914613,9.219544457292885,1,0,0
0,Real Madrid,Karim Benzema,112.0,53.0,0.2871142505845126,15.264337522473747,0,0,0
0,Real Madrid,Marcelo Vieira da Silva Júnior,97.0,47.0,0.3167186735035874,24.041630560342618,1,0,0
0,Juventus,Alex Sandro Lobo Silva,111.0,32.0,0.5096073614111942,12.041594578792294,0,0,0
1,Real Madrid,Marco Asensio Willemsen,113.0,40.0,1.0391621660044736,7.0,1,0,0
0,Real Madrid,Álvaro Borja Morata Martín,109.0,57.0,0.21997596841975348,20.248456731316583,0,0,0
0,Real Madrid,Gareth Frank Bale,93.0,51.0,0.2536789513644309,29.154759474226502,0,0,0
0,Atlético Madrid,Jorge Resurrección Merodio,108.0,28.0,0.33964690801174685,16.970562748477143,1,0,0
0,Real Madrid,Karim Benzema,115.0,39.0,1.326815406363224,5.0990195135927845,1,0,0
0,Real Madrid,Marcelo Vieira da Silva Júnior,96.0,48.0,0.2987973774383829,25.298221281347036,1,0,0
0,Real Madrid,Toni Kroos,97.0,55.0,0.24458826722096602,27.45906043549196,0,0,0
1,Real Madrid,Sergio Ramos García,117.0,40.0,1.8555594095828387,3.0,1,0,0
0,Real Madrid,Cristiano Ronaldo dos Santos Aveiro,94.0,56.0,0.22351356929254912,30.528675044947494,0,0,0
0,Atlético Madrid,Juan Francisco Torres Belén,101.0,22.0,0.2236406476818952,26.172504656604797,1,0,0
0,Atlético Madrid,Antoine Griezmann,98.0,48.0,0.3198125053678351,23.40939982143925,0,0,0
0,Atlético Madrid,Antoine Griezmann,87.0,37.0,0.23955616418573647,33.13608305156178,0,0,0
0,Atlético Madrid,Antoine Griezmann,96.0,46.0,0.311960485932696,24.73863375370596,0,0,0
0,Atlético Madrid,Diego Roberto Godín Leal,115.0,35.0,0.8672698069039643,7.071067811865475,0,0,0
0,Atlético Madrid,Antoine Griezmann,113.0,40.0,1.0391621660044736,7.0,0,0,0
0,Atlético Madrid,Stefan Savić,115.0,43.0,1.1489920715656057,5.8309518948453,0,0,0
0,Real Madrid,Gareth Frank Bale,89.0,39.0,0.25664302578166753,31.016124838541646,0,0,0
0,Real Madrid,Gareth Frank Bale,114.0,32.0,0.5197470433755838,10.0,0,0,0
0,Atlético Madrid,Jorge Resurrección Merodio,104.0,17.0,0.16510819105880695,28.0178514522438,0,0,0
0,Atlético Madrid,Saúl Ñíguez Esclapez,105.0,40.0,0.5217076543289279,15.0,1,0,0
0,Atlético Madrid,Jorge Resurrección Merodio,95.0,35.0,0.3058812884730339,25.495097567963924,0,0,0
0,Real Madrid,Gareth Frank Bale,100.0,49.0,0.3317286745536421,21.93171219946131,1,0,0
0,Atlético Madrid,Saúl Ñíguez Esclapez,92.0,52.0,0.2410886190217217,30.46309242345563,0,0,0
0,Real Madrid,Karim Benzema,110.0,28.0,0.33781592178691494,15.620499351813308,0,0,0
0,Atlético Madrid,Fernando José Torres Sanz,111.0,44.0,0.7273419322751251,9.848857801796104,0,1,0
0,Atlético Madrid,Gabriel Fernández Arenas,85.0,41.0,0.2276300520378542,35.01428280002319,0,0,0
0,Real Madrid,Cristiano Ronaldo dos Santos Aveiro,98.0,29.0,0.29065822446969625,24.596747752497684,0,0,0
0,Real Madrid,Cristiano Ronaldo dos Santos Aveiro,111.0,40.0,0.8371982249688883,8.999999999999998,1,0,0
0,Real Madrid,Gareth Frank Bale,114.0,30.0,0.3809476144411888,11.6619037896906,0,0,0
1,Atlético Madrid,Yannick Ferreira Carrasco,115.0,42.0,1.257591801293206,5.385164807134505,1,0,0
0,Real Madrid,Gareth Frank Bale,116.0,58.0,0.09855472022544572,18.43908891458577,0,0,0
0,Real Madrid,Gareth Frank Bale,116.0,38.0,1.4475596301943408,4.47213595499958,0,0,0
0,Real Madrid,Carlos Henrique Casimiro,86.0,41.0,0.23425384181479397,34.0147027033899,0,0,0
0,Real Madrid,Gareth Frank Bale,90.0,58.0,0.19631983146748128,34.9857113690718,0,0,0
0,Real Madrid,Cristiano Ronaldo dos Santos Aveiro,113.0,45.0,0.76863922661518,8.602325267042627,0,0,0
0,Real Madrid,Gareth Frank Bale,102.0,38.0,0.43283146381937837,18.110770276274827,1,0,0
0,Real Madrid,Luka Modrić,92.0,35.0,0.27557403964656374,28.442925306655784,0,0,0
0,Real Madrid,Danilo Luiz da Silva,93.0,24.0,0.21954603351185126,31.38470965295043,0,0,0
0,Atlético Madrid,Yannick Ferreira Carrasco,105.0,55.0,0.27003663939198613,21.213203435596427,0,0,0
0,Atlético Madrid,Antoine Griezmann,112.0,28.0,0.3221040977654017,14.422205101855956,1,0,0
0,Real Madrid,Carlos Henrique Casimiro,96.0,34.0,0.311960485932696,24.73863375370596,0,0,0
0,Real Madrid,Cristiano Ronaldo dos Santos Aveiro,103.0,33.0,0.40003060437372545,18.384776310850235,0,0,0
0,Real Madrid,Lucas Vázquez Iglesias,109.0,35.0,0.5956538584509459,12.083045973594572,0,0,0
0,Real Madrid,Danilo Luiz da Silva,111.0,20.0,0.15378203821325664,21.93171219946131,0,0,0
0,Juventus,Carlos Alberto Tevez,100.0,40.0,0.39517956614368827,20.0,1,0,0
0,Juventus,Patrice Evra,108.0,37.0,0.611801170717863,12.36931687685298,0,0,0
1,Barcelona,Ivan Rakitić,112.0,42.0,0.8892781311966639,8.246211251235321,1,0,0
0,Juventus,Arturo Erasmo Vidal Pardo,101.0,28.0,0.3016754449465556,22.47220505424423,1,0,0
0,Barcelona,Neymar da Silva Santos Junior,102.0,33.0,0.3837825107702562,19.313207915827963,0,0,0
0,Barcelona,Daniel Alves da Silva,106.0,34.0,0.47882629779902935,15.231546211727816,1,0,0
0,Barcelona,Jordi Alba Ramos,109.0,50.0,0.405903633027333,14.866068747318504,1,0,0
0,Juventus,Álvaro Borja Morata Martín,104.0,32.0,0.39892168725568655,17.88854381999832,1,0,0
0,Barcelona,Neymar da Silva Santos Junior,105.0,55.0,0.27003663939198613,21.213203435596427,0,0,0
0,Barcelona,Luis Alberto Suárez Díaz,104.0,25.0,0.2688923419980468,21.93171219946131,0,0,0
0,Barcelona,Luis Alberto Suárez Díaz,105.0,55.0,0.27003663939198613,21.213203435596427,1,0,0
0,Juventus,Arturo Erasmo Vidal Pardo,95.0,56.0,0.22745084356608086,29.68164415931166,0,0,0
0,Juventus,Claudio Marchisio,92.0,42.0,0.28268229697537556,28.0713376952364,0,0,0
0,Barcelona,Luis Alberto Suárez Díaz,108.0,53.0,0.3129597128597234,17.69180601295413,1,0,0
0,Barcelona,Luis Alberto Suárez Díaz,112.0,24.0,0.2077212903191526,17.88854381999832,1,0,0
0,Barcelona,Lionel Andrés Messi Cuccittini,104.0,51.0,0.3410871632051865,19.4164878389476,0,0,0
0,Juventus,Carlos Alberto Tevez,108.0,36.0,0.5885723109094314,12.649110640673518,1,0,0
1,Juventus,Álvaro Borja Morata Martín,115.0,44.0,1.013231895171742,6.4031242374328485,1,0,0
0,Juventus,Álvaro Borja Morata Martín,110.0,37.0,0.7110656903402158,10.440306508910549,0,0,0
0,Juventus,Carlos Alberto Tevez,102.0,42.0,0.43283146381937837,18.110770276274827,1,0,0
0,Juventus,Paul Pogba,96.0,46.0,0.311960485932696,24.73863375370596,0,0,0
0,Barcelona,Lionel Andrés Messi Cuccittini,102.0,50.0,0.3396344589971764,20.591260281974,0,0,0
1,Barcelona,Luis Alberto Suárez Díaz,114.0,37.0,1.0282588772119587,6.7082039324993685,1,0,0
0,Juventus,Paul Pogba,116.0,33.0,0.5792888458079216,8.06225774829855,0,1,0
0,Barcelona,Luis Alberto Suárez Díaz,112.0,44.0,0.7861555996090015,8.94427190999916,1,0,0
0,Barcelona,Gerard Piqué Bernabéu,112.0,31.0,0.4610439386005087,12.041594578792294,1,0,0
0,Barcelona,Luis Alberto Suárez Díaz,107.0,47.0,0.4759342354160494,14.7648230602334,0,0,0
0,Juventus,Claudio Marchisio,88.0,41.0,0.2487219104702486,32.01562118716424,0,0,0
0,Juventus,Claudio Marchisio,94.0,32.0,0.28003833261378497,27.202941017470888,1,0,0
0,Juventus,Carlos Alberto Tevez,100.0,49.0,0.3317286745536421,21.93171219946131,0,0,0
1,Barcelona,Neymar da Silva Santos Junior,109.0,49.0,0.44236954146101715,14.212670403551895,0,0,0
0,Atlético Madrid,Raúl García Escudero,85.0,20.0,0.17246971495954921,40.311288741492746,0,0,0
0,Atlético Madrid,Adrián López Álvarez,97.0,30.0,0.2918990730186597,25.079872407968903,1,0,0
0,Atlético Madrid,Jorge Resurrección Merodio,107.0,40.0,0.5975655973485441,13.0,0,0,0
0,Real Madrid,Gareth Frank Bale,108.0,35.0,0.5609096628853146,13.0,0,0,0
1,Atlético Madrid,Diego Roberto Godín Leal,109.0,41.0,0.6935256979954578,11.045361017187261,0,1,0
0,Atlético Madrid,Adrián López Álvarez,112.0,38.0,0.8892781311966639,8.246211251235321,0,1,0
0,Atlético Madrid,Raúl García Escudero,100.0,29.0,0.30713552366179314,22.825424421026653,1,0,0
0,Real Madrid,Cristiano Ronaldo dos Santos Aveiro,107.0,43.0,0.5712630801919086,13.341664064126332,1,0,0
0,Real Madrid,Cristiano Ronaldo dos Santos Aveiro,108.0,35.0,0.5609096628853146,13.0,0,1,0
0,Atlético Madrid,Adrián López Álvarez,110.0,51.0,0.3724632357804106,14.866068747318504,1,0,0
0,Real Madrid,Cristiano Ronaldo dos Santos Aveiro,114.0,41.0,1.1593216522517071,6.08276253029822,0,1,0
0,Atlético Madrid,João Miranda de Souza Filho,118.0,44.0,1.327956428000129,4.47213595499958,0,1,0
0,Real Madrid,Francisco Román Alarcón Suárez,97.0,38.0,0.34225951373102365,23.08679276123039,0,0,0
0,Real Madrid,Gareth Frank Bale,99.0,33.0,0.3409557277440809,22.135943621178658,0,0,0
0,Real Madrid,Cristiano Ronaldo dos Santos Aveiro,109.0,34.0,0.5585181525125564,12.529964086141668,1,0,0
0,Real Madrid,Gareth Frank Bale,109.0,24.0,0.23935707015272964,19.4164878389476,0,0,0
0,Real Madrid,Ángel Fabián Di María Hernández,104.0,57.0,0.2376478924179608,23.3452350598575,0,0,0
1,Real Madrid,Sergio Ramos García,108.0,39.0,0.6403734500762924,12.041594578792296,0,0,0
0,Real Madrid,Cristiano Ronaldo dos Santos Aveiro,88.0,26.0,0.2097155137338391,34.92849839314596,0,0,0
0,Real Madrid,Raphaël Varane,109.0,37.0,0.6580147232205386,11.40175425099138,0,1,0
0,Real Madrid,Luka Modrić,92.0,35.0,0.27557403964656374,28.442925306655784,0,0,0
0,Atlético Madrid,Diego Roberto Godín Leal,114.0,43.0,1.0282588772119587,6.7082039324993685,0,1,0
0,Real Madrid,Ángel Fabián Di María Hernández,109.0,53.0,0.3110903974073181,17.029386365926403,0,0,0
1,Real Madrid,Gareth Frank Bale,117.0,36.0,1.2135382762982696,5.0,0,0,0
0,Atlético Madrid,Tiago Cardoso Mendes,113.0,54.0,0.2401003286238317,15.652475842498529,0,0,0
1,Real Madrid,Marcelo Vieira da Silva Júnior,102.0,46.0,0.39683448908548813,18.973665961010273,0,0,0
0,Atlético Madrid,Diego Roberto Godín Leal,56.0,39.0,0.12493307490844152,64.00781202322104,0,0,0
0,Borussia Dortmund,Robert Lewandowski,106.0,40.0,0.5571328622330618,14.0,0,0,0
0,Borussia Dortmund,Jakub Błaszczykowski,104.0,28.0,0.32207880886023377,20.0,0,0,0
0,Borussia Dortmund,Robert Lewandowski,88.0,47.0,0.2378573509760829,32.7566787083184,0,0,0
0,Borussia Dortmund,Jakub Błaszczykowski,112.0,31.0,0.4610439386005087,12.041594578792294,1,0,0
0,Borussia Dortmund,Marco Reus,100.0,55.0,0.25718080892372464,24.999999999999996,0,0,0
0,Borussia Dortmund,Sven Bender,106.0,52.0,0.3331628932801,18.439088914585774,0,0,0
0,Bayern Munich,Mario Mandžukić,114.0,37.0,1.0282588772119587,6.7082039324993685,0,1,0
0,Bayern Munich,Javier Martínez Aginaga,113.0,39.0,1.0260108144208688,7.0710678118654755,0,1,0
0,Bayern Munich,Arjen Robben,109.0,28.0,0.34007081020562413,16.278820596099706,0,0,0
0,Bayern Munich,Bastian Schweinsteiger,101.0,36.0,0.3989156752709565,19.416487838947596,1,0,0
0,Bayern Munich,Franck Bilal Ribéry,97.0,43.0,0.33922780533082997,23.194827009486403,1,0,0
0,Borussia Dortmund,Robert Lewandowski,115.0,28.0,0.2560133652969926,13.0,0,0,0
0,Bayern Munich,Thomas Müller,115.0,40.0,1.3504668619958016,5.0,0,1,0
0,Bayern Munich,Arjen Robben,108.0,38.0,0.6293931331503292,12.16552506059644,0,0,0
0,Bayern Munich,Javier Martínez Aginaga,114.0,36.0,0.9282108729100771,7.211102550927978,0,1,0
0,Bayern Munich,Mario Mandžukić,115.0,43.0,1.1489920715656057,5.8309518948453,0,0,0
1,Bayern Munich,Mario Mandžukić,117.0,37.0,1.489075468538615,4.242640687119286,1,0,1
0,Bayern Munich,Mario Mandžukić,111.0,26.0,0.269458183269431,16.64331697709324,0,0,0
0,Borussia Dortmund,Kevin Großkreutz,88.0,46.0,0.24070683178082097,32.55764119219941,0,0,0
0,Borussia Dortmund,Łukasz Piszczek,101.0,34.0,0.3799777893290361,19.924858845171272,1,0,0
0,Borussia Dortmund,Mats Hummels,98.0,34.0,0.336301921339362,22.80350850198276,0,0,0
0,Bayern Munich,Thomas Müller,113.0,22.0,0.15576333251671257,19.313207915827963,0,0,0
0,Borussia Dortmund,Jakub Błaszczykowski,101.0,32.0,0.3561756366171875,20.6155281280883,0,0,0
0,Bayern Munich,David Olatukunbo Alaba,97.0,53.0,0.2637864155307235,26.419689627245813,1,0,0
0,Bayern Munich,Mario Mandžukić,117.0,25.0,0.10977618478180438,15.297058540778352,1,0,0
0,Bayern Munich,Bastian Schweinsteiger,102.0,33.0,0.3837825107702562,19.313207915827963,0,0,0
0,Bayern Munich,Bastian Schweinsteiger,100.0,39.0,0.3942562685010108,20.024984394500784,1,0,0
1,Bayern Munich,Arjen Robben,112.0,39.0,0.9181757154647756,8.06225774829855,0,0,0
0,Borussia Dortmund,Julian Schieber,108.0,53.0,0.3129597128597234,17.69180601295413,0,0,0
0,Bayern Munich,Bastian Schweinsteiger,98.0,43.0,0.35382606202139555,22.203603311174515,0,0,0
0,Bayern Munich,Toni Kroos,100.0,53.0,0.2819253938936948,23.853720883753123,1,0,0
0,Bayern Munich,Arjen Robben,106.0,24.0,0.25170535340578576,21.2602916254693,0,0,0
0,Bayern Munich,Mario Gómez García,111.0,43.0,0.7724234142542693,9.486832980505136,0,1,0
0,Bayern Munich,Arjen Robben,109.0,39.0,0.6935256979954578,11.045361017187261,1,0,0
0,Bayern Munich,Arjen Robben,109.0,52.0,0.34007081020562413,16.278820596099706,0,0,0
0,Bayern Munich,Arjen Robben,103.0,28.0,0.31558240278550964,20.808652046684813,1,0,0
0,Bayern Munich,Franck Bilal Ribéry,105.0,59.0,0.20771127268779124,24.207436873820406,0,0,0
0,Bayern Munich,Thomas Müller,108.0,40.0,0.6441070475749259,12.0,1,0,0
0,Chelsea,Salomon Armand Magloire Kalou,104.0,20.0,0.19759950904473395,25.612496949731394,1,0,0
0,Bayern Munich,Mario Gómez García,106.0,31.0,0.405764994702629,16.64331697709324,0,0,0
0,Bayern Munich,Franck Bilal Ribéry,107.0,57.0,0.23133216234554052,21.400934559032695,1,0,0
0,Bayern Munich,Anatoliy Tymoshchuk,85.0,30.0,0.21093974195501763,36.400549446402586,0,0,0
0,Bayern Munich,Mario Gómez García,102.0,39.0,0.4365222528797222,18.027756377319943,0,0,0
0,Bayern Munich,Mario Gómez García,106.0,38.0,0.5473153970861557,14.142135623730951,0,0,0
0,Bayern Munich,Toni Kroos,93.0,23.0,0.21253452588622607,31.906112267087632,0,0,0
0,Chelsea,Didier Yves Drogba Tébily,86.0,56.0,0.19262539133422613,37.57658845611187,0,0,0
0,Chelsea,Didier Yves Drogba Tébily,107.0,19.0,0.17350816647784478,24.698178070456937,1,0,0
0,Bayern Munich,Arjen Robben,103.0,40.0,0.4626316711794535,17.0,1,0,0
0,Bayern Munich,Toni Kroos,95.0,61.0,0.1884128103623956,32.64965543462901,0,0,0
0,Bayern Munich,Arjen Robben,105.0,45.0,0.4743174985588427,15.811388300841896,0,0,0
0,Bayern Munich,Bastian Schweinsteiger,113.0,42.0,0.9877920456709441,7.280109889280519,0,0,0
0,Bayern Munich,Franck Bilal Ribéry,98.0,34.0,0.336301921339362,22.80350850198276,0,0,0
0,Bayern Munich,Thomas Müller,110.0,50.0,0.4105609127227199,14.14213562373095,1,0,0
0,Bayern Munich,Arjen Robben,99.0,22.0,0.220872091406171,27.658633371878658,0,0,0
0,Bayern Munich,Toni Kroos,101.0,31.0,0.3430701847761205,21.02379604162864,1,0,0
0,Bayern Munich,Arjen Robben,102.0,28.0,0.3087308147320677,21.633307652783934,0,0,0
0,Bayern Munich,Arjen Robben,98.0,57.0,0.22867054782933458,27.80287754891569,0,0,0
0,Chelsea,Didier Yves Drogba Tébily,111.0,25.0,0.2436175756959238,17.4928556845359,1,0,0
0,Bayern Munich,Toni Kroos,94.0,56.0,0.22351356929254912,30.528675044947494,0,0,0
0,Bayern Munich,Thomas Müller,108.0,33.0,0.4974684054361007,13.892443989449806,1,0,0
0,Bayern Munich,Thomas Müller,111.0,37.0,0.7724234142542693,9.486832980505136,0,1,0
1,Bayern Munich,Thomas Müller,117.0,31.0,0.31404540450429436,9.486832980505136,0,0,0
0,Bayern Munich,Arjen Robben,104.0,40.0,0.49043259212604473,16.0,0,0,0
1,Chelsea,Didier Yves Drogba Tébily,113.0,31.0,0.4571174319089463,11.40175425099138,0,1,0
0,Bayern Munich,Arjen Robben,104.0,49.0,0.37981381394400465,18.357559750685816,0,0,0
0,Chelsea,Frank Lampard,92.0,34.0,0.2719879883582567,28.63564212655271,1,0,0
0,Chelsea,Juan Manuel Mata García,98.0,33.0,0.32844708172075826,23.08679276123039,0,0,0
0,Bayern Munich,Toni Kroos,99.0,51.0,0.2987994602316333,23.706539182259394,0,0,0
0,Bayern Munich,Arjen Robben,101.0,24.0,0.2479701815903848,24.839484696748443,0,0,0
0,Bayern Munich,Daniel Van Buyten,114.0,31.0,0.4441659973060582,10.816653826391967,0,0,0
0,Bayern Munich,Jérôme Boateng,96.0,27.0,0.257785938786764,27.29468812791236,0,0,0
0,Bayern Munich,Mario Gómez García,113.0,37.0,0.928149260415649,7.615773105863908,1,0,0
0,Bayern Munich,Arjen Robben,99.0,28.0,0.2873874860621588,24.186773244895647,0,0,0
0,Bayern Munich,Anatoliy Tymoshchuk,84.0,41.0,0.22136879951262342,36.01388621073821,0,0,0
0,Manchester United,Javier Hernández Balcázar,99.0,49.0,0.3208854533013102,22.847319317591722,0,0,0
0,Barcelona,David Villa Sánchez,99.0,41.0,0.3760108159187636,21.02379604162864,0,0,0
0,Barcelona,David Villa Sánchez,110.0,54.0,0.2785969664940517,17.204650534085253,1,0,0
0,Barcelona,Pedro Eliezer Rodríguez Ledesma,112.0,36.0,0.7861555996090015,8.94427190999916,1,0,0
0,Barcelona,David Villa Sánchez,97.0,35.0,0.3298644672863441,23.53720459187964,0,0,0
0,Barcelona,David Villa Sánchez,105.0,25.0,0.27003663939198613,21.213203435596427,0,0,0
1,Barcelona,Pedro Eliezer Rodríguez Ledesma,105.0,33.0,0.4357873849340549,16.55294535724685,0,0,0
0,Barcelona,Andrés Iniesta Luján,91.0,47.0,0.25972224831584917,29.832867780352597,0,0,0
1,Manchester United,Wayne Mark Rooney,105.0,37.0,0.5036846054374715,15.297058540778352,1,0,0
0,Barcelona,Xavier Hernández Creus,98.0,28.0,0.2803075797941767,25.059928172283335,0,0,0
0,Barcelona,Andrés Iniesta Luján,88.0,37.0,0.24684414090604379,32.14031735997639,0,0,0
0,Barcelona,Lionel Andrés Messi Cuccittini,115.0,39.0,1.326815406363224,5.0990195135927845,1,0,0
0,Barcelona,Andrés Iniesta Luján,93.0,39.0,0.2940605054444028,27.018512172212592,1,0,0
0,Barcelona,Xavier Hernández Creus,99.0,36.0,0.3643393267067596,21.37755832643195,0,0,0
0,Barcelona,Daniel Alves da Silva,113.0,26.0,0.2401003286238317,15.652475842498529,0,0,0
0,Barcelona,Lionel Andrés Messi Cuccittini,104.0,34.0,0.43467449633130717,17.08800749063506,0,0,0
1,Barcelona,Lionel Andrés Messi Cuccittini,94.0,37.0,0.301737352977392,26.1725046566048,0,0,0
0,Barcelona,Lionel Andrés Messi Cuccittini,108.0,50.0,0.398934379786647,15.620499351813308,0,0,0
0,Barcelona,Lionel Andrés Messi Cuccittini,115.0,36.0,1.013231895171742,6.4031242374328485,1,0,0
0,Barcelona,Xavier Hernández Creus,94.0,33.0,0.2856491842740554,26.92582403567252,0,0,0
0,Barcelona,Andrés Iniesta Luján,92.0,41.0,0.28372699816421343,28.017851452243804,1,0,0
1,Barcelona,David Villa Sánchez,100.0,35.0,0.37326499936675833,20.6155281280883,0,0,0
0,Manchester United,Wayne Mark Rooney,99.0,48.0,0.33125527464116494,22.472205054244228,0,0,0
0,Manchester United,Luís Carlos Almeida da Cunha,99.0,32.0,0.33125527464116494,22.472205054244228,0,0,0
0,Barcelona,Andrés Iniesta Luján,86.0,24.0,0.19262539133422613,37.57658845611187,1,0,0
0,Barcelona,Ibrahim Afellay,107.0,21.0,0.199847939087826,23.021728866442675,0,0,0
0,Bayern Munich,Ivica Olić,114.0,32.0,0.5197470433755838,10.0,1,0,0
0,Inter Milan,Maicon Douglas Sisenando,92.0,17.0,0.17119276838691744,36.23534186398688,0,0,0
0,Bayern Munich,Hamit Altıntop,96.0,47.0,0.30571213317567714,25.0,0,0,0
0,Bayern Munich,Daniel Van Buyten,110.0,40.0,0.7617092088973721,10.0,0,0,0
0,Inter Milan,Esteban Matías Cambiasso Delau,107.0,40.0,0.5975655973485441,13.0,1,0,0
0,Bayern Munich,Arjen Robben,104.0,39.0,0.48870675078650033,16.031219541881395,1,0,0
0,Bayern Munich,Thomas Müller,91.0,40.0,0.27440576236620273,29.000000000000004,0,0,0
0,Inter Milan,Wesley Sneijder,111.0,29.0,0.3697322108328866,14.212670403551895,1,0,0
1,Inter Milan,Diego Alberto Milito,107.0,34.0,0.5035451081466537,14.317821063276353,0,0,0
0,Bayern Munich,Hamit Altıntop,91.0,38.0,0.27314670655156037,29.068883707497267,0,0,0
0,Bayern Munich,Arjen Robben,91.0,30.0,0.24598820254622264,30.675723300355937,0,0,0
0,Inter Milan,Wesley Sneijder,106.0,45.0,0.5005212884513338,14.866068747318506,1,0,0
0,Bayern Munich,Ivica Olić,95.0,59.0,0.2035424306460347,31.40063693621516,0,0,0
0,Bayern Munich,Mark van Bommel,89.0,31.0,0.2374041696308743,32.28002478313795,0,0,0
0,Bayern Munich,Mark van Bommel,94.0,32.0,0.28003833261378497,27.202941017470888,0,0,0
0,Bayern Munich,Thomas Müller,107.0,35.0,0.5292917702912225,13.92838827718412,1,0,0
0,Bayern Munich,Arjen Robben,113.0,18.0,0.10801139085617513,23.08679276123039,0,0,0
0,Inter Milan,Goran Pandev,105.0,48.0,0.4145542256821263,16.999999999999996,1,0,0
0,Bayern Munich,Arjen Robben,97.0,39.0,0.34410365009666755,23.021728866442675,0,0,0
0,Bayern Munich,Hamit Altıntop,106.0,53.0,0.3108552753194847,19.1049731745428,0,0,0
0,Inter Milan,Lucimar da Silva Ferreira,108.0,43.0,0.611801170717863,12.36931687685298,0,1,0
0,Bayern Munich,Mark van Bommel,84.0,15.0,0.15019664827639634,43.82921400162225,0,0,0
0,Bayern Munich,Thomas Müller,106.0,38.0,0.5473153970861557,14.142135623730951,1,0,0
0,Bayern Munich,Arjen Robben,105.0,19.0,0.18274905336575054,25.80697580112788,0,0,0
0,Bayern Munich,Ivica Olić,110.0,33.0,0.5420779242743089,12.206555615733702,1,0,0
1,Inter Milan,Diego Alberto Milito,107.0,49.0,0.4186504398870833,15.811388300841896,0,0,0
0,Bayern Munich,Arjen Robben,95.0,21.0,0.2035424306460347,31.40063693621516,0,0,0
0,Bayern Munich,Mark van Bommel,90.0,31.0,0.24400355284139763,31.320919526731647,0,0,0
0,Manchester United,Ji-Sung Park,112.6,43.2,0.8802102420821818,8.062257748298554,1,0,0
0,Manchester United,Wayne Mark Rooney,95.9,51.5,0.2701154670407392,26.703183330831546,1,0,0
0,Manchester United,Cristiano Ronaldo dos Santos Aveiro,87.9,27.299999999999997,0.2152619666945004,34.521008096520006,0,0,0
0,Manchester United,Cristiano Ronaldo dos Santos Aveiro,106.4,55.4,0.26202689363213566,20.545559130868153,0,0,0
1,Barcelona,"Samuel Eto""o Fils",113.4,27.5,0.28003651615965514,14.135416513141731,0,0,0
0,Barcelona,Lionel Andrés Messi Cuccittini,95.3,22.299999999999997,0.2146395074079192,30.38716834454965,0,0,0
0,Manchester United,Cristiano Ronaldo dos Santos Aveiro,91.8,49.9,0.2519653946291435,29.887288267756915,0,0,0
0,Manchester United,Cristiano Ronaldo dos Santos Aveiro,109.3,39.5,0.714899016320419,10.711675872616762,0,0,0
0,Barcelona,Andrés Iniesta Luján,89.8,35.6,0.25830203756509323,30.51884663613617,0,0,0
0,Barcelona,Thierry Henry,114.6,49.9,0.37107439635500655,11.276967677527503,0,0,0
0,Barcelona,Thierry Henry,106.6,59.3,0.19758343993743036,23.4957442955102,0,0,0
1,Barcelona,Lionel Andrés Messi Cuccittini,113.8,43.1,0.998038646700508,6.931810730249351,0,0,0
0,Manchester United,Ryan Giggs,109.6,39.3,0.7323862428371397,10.423531071570716,1,0,0
0,Manchester United,Cristiano Ronaldo dos Santos Aveiro,115.5,46.2,0.7014560264880585,7.660939890117924,1,0,0
0,Manchester United,Dimitar Ivanov Berbatov,115.0,30.700000000000003,0.3971664559065238,10.558882516630248,1,0,0
0,Barcelona,Carles Puyol i Saforcada,112.2,38.7,0.9308869193473281,7.907591289387683,0,1,0
0,Barcelona,Andrés Iniesta Luján,106.0,53.2,0.30654124423292,19.241621553289114,0,0,0
0,Barcelona,Carles Puyol i Saforcada,112.7,30.0,0.40263853648693654,12.381033882515625,0,0,0
0,Manchester United,Dimitar Ivanov Berbatov,110.6,39.0,0.7985080510306591,9.453041838477185,0,0,0
0,Liverpool,Jermaine Pennant,110.7,24.700000000000003,0.23983655362025122,17.904747973652128,1,0,0
0,AC Milan,Ricardo Izecson dos Santos Leite,89.0,43.2,0.25426655105341106,31.16472364709817,0,0,0
0,Liverpool,Steven Gerrard,101.5,51.9,0.30668419358163906,21.996817951694737,0,0,0
0,Liverpool,Xabier Alonso Olano,94.5,31.4,0.2807386762215555,26.911150105486016,1,0,0
0,Liverpool,John Arne Semundseth Riise,88.2,47.6,0.23729054067865313,32.695565448543626,0,0,0
0,Liverpool,Dirk Kuijt,106.0,39.7,0.5569085059137124,14.003213916812099,1,0,0
1,AC Milan,Filippo Inzaghi,109.5,39.1,0.7243793124376016,10.538500842150178,0,0,0
0,Liverpool,Daniel Munthe Agger,111.4,46.8,0.5841672105462483,10.96357605893259,0,1,0
0,Liverpool,Steven Gerrard,111.0,52.1,0.3286046769917623,15.08011936292283,0,0,0
0,Liverpool,John Arne Semundseth Riise,99.2,59.1,0.21001810834938842,28.239157211220025,0,0,0
0,Liverpool,Steven Gerrard,92.4,26.799999999999997,0.235782149873628,30.594117081556703,0,0,0
0,AC Milan,Clarence Seedorf,101.1,52.7,0.2925745938728245,22.77059507347141,1,0,0
1,AC Milan,Filippo Inzaghi,114.7,26.6,0.21797817526763738,14.41006592628916,0,0,0
0,Liverpool,John Arne Semundseth Riise,96.3,57.6,0.2183332503479731,29.520331976453114,1,0,0
0,Liverpool,Peter Crouch,93.3,34.5,0.2860014930249397,27.26059427085184,0,0,0
0,Liverpool,Daniel Munthe Agger,110.6,47.7,0.5195232403190194,12.15113163454335,0,0,0
1,Liverpool,Dirk Kuijt,116.9,35.7,1.1183236524640399,5.300943312279423,0,0,1
0,Liverpool,Steven Gerrard,89.5,26.5,0.21917901483798075,33.354160160315836,0,0,0
1,AC Milan,Paolo Maldini,107.6,37.9,0.6097990824632771,12.576565508913797,1,0,0
0,Liverpool,John Arne Semundseth Riise,98.4,46.7,0.3359163922412832,22.6152603345617,1,0,0
0,Liverpool,Sami Hyypiä,106.9,35.6,0.5401809349172524,13.819189556555038,0,0,0
0,AC Milan,Ivan Gennaro Gattuso,86.5,26.5,0.20527631128167184,36.1178626167164,0,0,0
0,AC Milan,Hernán Jorge Crespo,114.9,29.799999999999997,0.3439618115020371,11.403946685248927,0,0,0
0,AC Milan,Jaap Stam,113.1,39.5,1.0482060818665957,6.918092222571196,0,1,0
0,AC Milan,Ricardo Izecson dos Santos Leite,104.5,31.5,0.3965058507190449,17.67766952966369,0,0,0
0,Liverpool,Milan Baroš,98.0,41.7,0.3580371147369821,22.065584062063706,1,0,0
0,Liverpool,Luis Javier García Sanz,97.2,50.9,0.2852550450179548,25.271525478292755,1,0,0
0,Liverpool,Luis Javier García Sanz,101.7,43.9,0.4133980820809661,18.710959355415206,1,0,0
1,AC Milan,Hernán Jorge Crespo,114.2,43.6,0.988733204490452,6.8264192663504035,1,0,0
1,AC Milan,Hernán Jorge Crespo,101.0,43.8,0.4004682077659817,19.37627415165258,1,0,0
0,AC Milan,Ricardo Izecson dos Santos Leite,94.5,39.2,0.31120477463528107,25.51254593332465,1,0,0
0,AC Milan,Marcos Evangelista de Moraes,106.9,18.799999999999997,0.17168602658232596,24.92087478400387,1,0,0
0,AC Milan,Paolo Maldini,100.3,52.1,0.29537846909160465,23.11925604339379,1,0,0
0,Liverpool,Xabier Alonso Olano,82.3,28.1,0.19274857304640491,39.53353007258523,0,0,0
0,AC Milan,Andriy Shevchenko,95.1,48.1,0.2894344626011804,26.184346468835162,1,0,0
1,Liverpool,Steven Gerrard,109.8,46.0,0.5824588671698813,11.833849753989615,0,0,0
1,Liverpool,Vladimir Smicer,95.7,29.4,0.27609433183783927,26.511318337645903,0,0,0
0,Liverpool,Xabier Alonso Olano,92.9,29.6,0.25676812780388086,29.02705634403874,1,0,0
1,Liverpool,Xabier Alonso Olano,114.9,43.5,1.0723815128087226,6.185466837676842,1,0,0
0,AC Milan,Paolo Maldini,104.4,39.5,0.5020275592873238,15.6080107637072,0,1,0
0,AC Milan,Clarence Seedorf,93.4,46.8,0.2810846330032141,27.455418408758582,1,0,0
0,Liverpool,John Arne Semundseth Riise,98.5,55.3,0.24787739131824335,26.38825496314601,0,0,0
0,AC Milan,Andriy Shevchenko,108.8,39.2,0.6838296056457153,11.228535078094561,1,0,0
0,AC Milan,Alessandro Nesta,84.1,42.7,0.22092392280380987,36.001388862098096,1,0,0
0,Liverpool,Steven Gerrard,93.4,27.0,0.24266193382798196,29.60675598575433,0,0,0
0,Liverpool,Vladimir Smicer,91.4,47.7,0.25992261231825264,29.618406439239767,0,0,0
0,AC Milan,Ricardo Izecson dos Santos Leite,112.6,34.7,0.7255235577317432,9.10219753685889,1,0,0
0,AC Milan,Andriy Shevchenko,96.5,26.1,0.2524906285584302,27.30311337558411,1,0,0
0,AC Milan,Jaap Stam,111.3,36.4,0.7646870206757036,9.415412895885133,0,1,0
0,AC Milan,Ricardo Izecson dos Santos Leite,116.1,42.1,1.45642444823564,4.429446918070026,0,0,0
0,AC Milan,Andrea Pirlo,80.4,38.3,0.20117475455723333,39.63647310243432,0,0,0
0,AC Milan,Andriy Shevchenko,113.3,52.7,0.27502063445948927,14.358969322343443,1,0,0
0,Liverpool,Dietmar Hamann,96.6,30.4,0.29187269542849875,25.292686690029598,0,0,0
0,Liverpool,Djibril Cissé,84.9,25.1,0.19303612714118004,38.1316141803622,0,0,0
0,AC Milan,Andriy Shevchenko,111.4,40.5,0.8693566782389875,8.614522621712704,0,0,0
0,AC Milan,Andriy Shevchenko,117.3,43.2,1.5016404624334525,4.186884283091668,1,0,0
0,Liverpool,John Arne Semundseth Riise,88.3,32.7,0.2389361270146427,32.52967875648329,1,0,0
0,AS Monaco,Edouard Cissé,102.8,23.200000000000003,0.24032987565495698,24.04329428343795,0,0,0
0,FC Porto,Anderson Luís de Souza,101.9,26.799999999999997,0.2899471625591476,22.40200883849482,1,0,0
1,FC Porto,Carlos Alberto Gomes de Jesus,107.7,38.8,0.6243942464064431,12.358397954427586,1,0,0
0,AS Monaco,Dado Prso,106.5,37.7,0.562434021988413,13.69452445322582,0,1,0
0,AS Monaco,Julien Rodriguez,113.8,39.7,1.145347292181841,6.2072538211354,0,1,0
1,FC Porto,Anderson Luís de Souza,105.8,43.2,0.5260539616880647,14.556098378343012,0,0,0
0,AS Monaco,Fernando Morientes Sánchez,98.2,39.9,0.36328673191323746,21.80022935659164,1,0,0
0,AS Monaco,Sébastien Squillaci,111.5,43.8,0.7667378058881187,9.310746479203479,0,1,0
1,FC Porto,Dmitriy Alenichev,110.2,50.2,0.40306165593096815,14.14496376806954,1,0,0
0,AS Monaco,Sébastien Squillaci,87.8,38.9,0.2471469041601202,32.218783341398854,1,0,0
0,AS Monaco,Patrice Evra,111.4,52.3,0.3180045339131055,15.008331019803627,1,0,0
0,AS Monaco,Sébastien Squillaci,111.5,37.5,0.8282795760699416,8.860022573334675,0,1,0
0,AS Monaco,Sébastien Squillaci,113.9,35.0,0.8135051447063928,7.887331614684393,0,1,0
0,Arsenal,Gilberto Aparecido da Silva,84.0,38.7,0.22125347471431647,36.023464575190424,0,0,0
0,Arsenal,Thierry Henry,87.2,48.4,0.22831939610017826,33.85852920609518,0,0,0
0,Arsenal,Fredrik Ljungberg,106.4,27.0,0.3117766527498349,18.813824704190264,0,0,0
1,Leicester City,Paul Dickov,117.4,48.2,0.3448322597425855,8.602325267042628,0,0,0
0,Arsenal,Dennis Bergkamp,103.5,31.5,0.3824633991285223,18.560711193270585,0,0,0
0,Arsenal,Dennis Bergkamp,99.9,36.0,0.37916413275351013,20.494145505485214,1,0,0
0,Arsenal,Robert Pirès ,95.1,55.6,0.23112155777788881,29.38315844152906,1,0,0
0,Arsenal,Thierry Henry,98.6,28.299999999999997,0.2878511601468261,24.389546941261546,0,0,0
0,Arsenal,Fredrik Ljungberg,100.8,44.9,0.38760037051782176,19.81539805302937,1,0,0
0,Arsenal,Thierry Henry,97.8,50.0,0.2989741343794525,24.348305895893454,0,0,0
0,Arsenal,Robert Pirès ,95.1,40.7,0.3186384446801846,24.90983741416231,0,0,0
0,Arsenal,Ashley Cole,103.0,41.6,0.45891397396415684,17.075128110793194,1,0,0
0,Arsenal,Gilberto Aparecido da Silva,88.5,50.5,0.2281365247460309,33.20391543176798,1,0,0
0,Arsenal,Gilberto Aparecido da Silva,88.1,32.9,0.23822234731002168,32.68057527033452,0,0,0
0,Arsenal,Kolo Habib Touré,106.7,41.1,0.5814054207403571,13.345411196362589,0,0,0
0,Arsenal,Fredrik Ljungberg,106.3,20.299999999999997,0.19354672896168476,23.9954162289384,1,0,0
1,Arsenal,Patrick Vieira,110.5,39.9,0.7976998841278716,9.500526301210897,0,0,0
0,Arsenal,Thierry Henry,98.1,45.8,0.33909295052626964,22.655021518418387,0,0,0
0,Arsenal,Patrick Vieira,94.8,20.5,0.19927324977417585,31.863615614051085,0,0,0
0,Arsenal,Fredrik Ljungberg,102.5,43.9,0.43017812382801435,17.92930561957155,1,0,0
0,Arsenal,Kolo Habib Touré,114.3,45.8,0.7389365883043231,8.13203541556479,0,0,0
0,Arsenal,Eduardo César Daude Gaspar,107.8,40.7,0.6324900120338526,12.220065466273088,0,0,0
0,Manchester United,Paul Scholes,104.8,45.3,0.4642200023195456,16.09751533622503,1,0,0
0,Manchester United,Roy Keane,95.3,59.5,0.20029340874200655,31.46966793596653,0,0,0
0,Manchester United,Roy Keane,95.2,53.2,0.251405215164972,28.0941275002446,1,0,0
0,Arsenal,Fredrik Ljungberg,103.1,37.3,0.45465813634779834,17.114321488157227,0,0,0
0,Arsenal,Fredrik Ljungberg,114.1,27.5,0.2636596619382992,13.822445514452212,0,0,0
0,Manchester United,Eric Daniel Djemba-Djemba,95.9,39.8,0.32925606258379564,24.100829861230913,0,0,0
0,Arsenal,José Antonio Reyes Calderón,107.4,50.1,0.3910523191426914,16.148374531202823,0,0,0
0,Arsenal,Thierry Henry,100.2,52.8,0.28567847162500987,23.57710754100256,1,0,0
0,Arsenal,"Sulzeer Jeremiah ""Sol"" Campbell",112.1,40.3,0.937285351114967,7.905694150420954,0,1,0
0,Arsenal,Thierry Henry,102.6,44.2,0.42932436550480646,17.89972066821156,0,0,0
0,Arsenal,Robert Pirès ,96.1,58.1,0.21350112872797097,29.980326882807674,0,0,0
0,Arsenal,Robert Pirès ,95.5,44.8,0.3125020310078084,24.96577657514382,0,0,0
0,Manchester United,Paul Scholes,94.1,33.9,0.2912088171383098,26.608645211660072,0,0,0
0,Manchester United,Paul Scholes,96.3,58.7,0.20888320917543035,30.18907087010132,1,0,0
0,Manchester United,Roy Keane,107.6,31.0,0.42616713003441054,15.321879780235848,1,0,0
1,Arsenal,Thierry Henry,88.4,32.6,0.23928468131851693,32.45489177304401,0,0,0
0,Arsenal,Eduardo César Daude Gaspar,112.6,40.3,0.9908846743240729,7.406078584514215,0,1,0
0,Manchester United,Roy Keane,111.4,30.5,0.43507384795847887,12.814444974324868,1,0,0
0,Manchester United,Louis Saha,94.7,24.5,0.23025502878898937,29.670524093787083,0,0,0
0,Arsenal,Thierry Henry,89.9,50.8,0.235032958548301,31.978899293127643,0,0,0
0,Arsenal,Fredrik Ljungberg,100.5,34.9,0.38065326444619285,20.15589243868899,0,0,0
0,Manchester United,Wes Brown,115.5,35.6,0.9914222024947147,6.293647591023824,0,0,0
1,Manchester United,Louis Saha,114.8,46.5,0.6636047417802231,8.324061508662705,1,0,0
0,Arsenal,Thierry Henry,104.9,50.9,0.3504669834563888,18.62310393033341,0,0,0
0,Arsenal,Gilberto Aparecido da Silva,115.6,33.0,0.5926247280960509,8.268010643437758,0,0,0
0,Manchester United,Ruud van Nistelrooy,111.2,38.0,0.8226453257145355,9.024411338142778,0,0,0
0,Arsenal,Dennis Bergkamp,101.3,60.7,0.19401412608384203,27.895877831679726,0,0,0
0,Arsenal,Laureano Bisan-Etame Mayer,110.7,28.0,0.33424247491773734,15.181897114655992,1,0,0
0,Arsenal,Thierry Henry,111.7,34.1,0.6487099539075197,10.18331969448077,0,0,0
0,Arsenal,Jérémie Aliadière,107.8,26.799999999999997,0.3080574895249387,17.97442627735306,0,0,0
0,Arsenal,Thierry Henry,106.1,52.1,0.3313145438359166,18.428781837115558,0,0,0
0,Arsenal,Patrick Vieira,113.5,37.5,1.013097716065251,6.96419413859206,0,1,0
0,Arsenal,Thierry Henry,93.2,57.0,0.21322879888702542,31.737044600907623,0,0,0
0,Arsenal,Robert Pirès ,101.3,60.1,0.2002844413425957,27.45359721420856,1,0,0
0,Middlesbrough,Dorival Guidoni Júnior,81.5,42.6,0.20633262859475612,38.58769233836094,0,0,0
0,Arsenal,Patrick Vieira,91.1,41.5,0.27462652967899354,28.93890115398303,0,0,0
0,Arsenal,Fredrik Ljungberg,102.0,36.8,0.42533906371084135,18.2822318112423,0,0,0
0,Arsenal,Robert Pirès ,102.8,52.6,0.3043104597793152,21.32135080148535,0,0,0
0,Middlesbrough,Boudewijn Zenden,90.6,44.1,0.26570426344556924,29.684507743939438,1,0,0
0,Arsenal,Gilberto Aparecido da Silva,100.8,35.4,0.3902656952619992,19.743353311937668,0,0,0
0,Arsenal,Thierry Henry,96.1,47.4,0.30406082070974577,25.019392478635453,0,0,0
0,Arsenal,Laureano Bisan-Etame Mayer,102.0,23.0,0.2369275834957253,24.75883680627989,0,0,0
0,Middlesbrough,Boudewijn Zenden,100.0,32.1,0.3444954204066556,21.50372060830404,1,0,0
0,Arsenal,Fredrik Ljungberg,98.5,29.9,0.30430102997383807,23.754157530840782,1,0,0
1,Arsenal,Robert Pirès ,106.7,44.6,0.5294281136163322,14.073023839957067,1,0,0
1,Arsenal,Fredrik Ljungberg,108.2,29.700000000000003,0.39090032017359,15.663013758533188,1,0,0
0,Middlesbrough,Boudewijn Zenden,105.8,63.9,0.14913816143673123,27.800179855533308,1,0,0
0,Arsenal,Thierry Henry,108.6,29.9,0.3999808754524773,15.230561381643165,0,1,0
0,Middlesbrough,Franck Queudrue,113.6,41.9,1.0627368002222928,6.676076692189813,0,1,0
0,Arsenal,Eduardo César Daude Gaspar,103.4,50.7,0.3414969713129282,19.74968354176846,0,0,0
1,Arsenal,Robert Pirès ,115.3,42.5,1.2547554681907087,5.323532661682468,1,0,0
1,Arsenal,Thierry Henry,113.4,41.4,1.0618966685201372,6.746851117373194,0,0,0
0,Arsenal,Ashley Cole,109.3,61.8,0.14826222089118446,24.284357104934855,0,0,0
0,Arsenal,Ashley Cole,106.8,47.7,0.4523953941415322,15.28168838839479,0,0,0
0,Arsenal,Dennis Bergkamp,103.7,29.799999999999997,0.35354301321790776,19.228364465029262,0,0,0
0,Arsenal,Eduardo César Daude Gaspar,86.7,55.0,0.19965456309520005,36.522458843840184,0,0,0
0,Arsenal,Dennis Bergkamp,100.8,53.6,0.27858233414541494,23.52870587176439,0,0,0
0,Arsenal,Dennis Bergkamp,100.2,40.0,0.3990666736402724,19.799999999999997,1,0,0
0,Charlton Athletic,Paolo Di Canio,97.5,46.1,0.3291932529253406,23.31222855069845,0,0,0
0,Arsenal,Eduardo César Daude Gaspar,93.4,41.0,0.2984059231424417,26.61879035568671,0,0,0
0,Arsenal,Fredrik Ljungberg,107.3,28.6,0.35397103140635494,17.066048165876012,0,0,0
0,Arsenal,Patrick Vieira,95.0,34.7,0.30448784981589194,25.555625603768732,0,0,0
0,Arsenal,Robert Pirès ,100.3,51.8,0.29927918786801533,22.96366695456107,0,0,0
0,Charlton Athletic,Claus Jensen,88.8,19.0,0.17680340873233769,37.60904146611556,0,0,0
0,Arsenal,Thierry Henry,107.8,37.7,0.6157151624456211,12.414910390333073,0,0,0
0,Arsenal,Dennis Bergkamp,93.9,38.8,0.3038314951257535,26.1275716437636,0,0,0
0,Charlton Athletic,Matt Holland,84.6,45.3,0.22042058214848798,35.79455265819089,1,0,0
0,Charlton Athletic,Graham Stuart,104.1,51.1,0.3399692854106847,19.39123513343078,0,0,0
0,Arsenal,Thierry Henry,92.6,51.3,0.2491398605029428,29.638657189555673,0,0,0
0,Charlton Athletic,Hermann Hreidarsson,105.2,40.2,0.5283504142980873,14.801351289662708,0,0,0
0,Charlton Athletic,Graham Stuart,101.9,45.1,0.40555682429548595,18.804786624686805,1,0,0
0,Charlton Athletic,Paolo Di Canio,108.0,24.700000000000003,0.25943713687617787,19.44453650771856,0,0,0
0,Arsenal,Thierry Henry,109.2,27.4,0.3218594248363446,16.595180023127195,0,0,0
0,Arsenal,Patrick Vieira,117.7,38.4,1.988852849444076,2.8017851452243785,0,1,0
0,Charlton Athletic,Radostin Kishishev,95.0,57.3,0.21695491814268514,30.40213808270727,0,0,0
0,Charlton Athletic,Graham Stuart,116.7,43.8,1.2324931429331825,5.032891812864643,0,0,0
0,Arsenal,José Antonio Reyes Calderón,91.6,30.1,0.2505794972072041,30.07607022202203,0,0,0
0,Charlton Athletic,Claus Jensen,102.2,46.2,0.39777783578838655,18.848872645333458,1,0,0
0,Charlton Athletic,Jonatan Lillebror Johansson,101.3,42.6,0.41442645281930124,18.879883474216683,1,0,0
0,Arsenal,Gilberto Aparecido da Silva,112.9,28.4,0.3246501848538505,13.600367642089678,0,0,0
0,Middlesbrough,Szilárd Németh,113.3,28.0,0.30096590064104844,13.743725841270265,1,0,0
0,Arsenal,Fredrik Ljungberg,104.7,27.1,0.3085085670840485,20.012496096189498,0,0,0
1,Arsenal,Thierry Henry,115.1,42.9,1.175183946213362,5.693856338194708,1,0,1
0,Arsenal,Sylvain Wiltord,90.0,30.799999999999997,0.24312236621003608,31.3789738519283,0,0,0
0,Arsenal,Fredrik Ljungberg,98.1,27.200000000000003,0.2725652684702053,25.366316248127166,1,0,0
1,Arsenal,Gilberto Aparecido da Silva,105.7,35.8,0.5071609473633006,14.904026301640775,1,0,0
0,Arsenal,"Sulzeer Jeremiah ""Sol"" Campbell",112.4,37.6,0.9082089997573366,7.969943538068504,0,0,0
0,Arsenal,Thierry Henry,97.5,25.6,0.25277166985604427,26.713479743380493,0,0,0
0,Arsenal,Laureano Bisan-Etame Mayer,103.6,24.5,0.26025871178726284,22.5656819085974,0,0,0
1,Arsenal,Sylvain Wiltord,112.0,42.5,0.8684564223315334,8.381527307120106,1,0,0
0,Middlesbrough,Szilárd Németh,104.4,58.0,0.22282854047921172,23.819319889535045,0,0,0
0,Arsenal,Thierry Henry,107.2,28.1,0.3403860365684512,17.477127910500624,0,0,0
0,Middlesbrough,Szilárd Németh,114.2,29.0,0.3233360519138844,12.435433245367848,0,0,0
0,Middlesbrough,George Boateng,83.7,23.5,0.1826371063380763,39.874051712862084,0,0,0
0,Arsenal,Thierry Henry,90.5,37.4,0.2677932843524727,29.614354627443763,0,0,0
0,Arsenal,Thierry Henry,105.3,36.2,0.5019302463737558,15.183214415926559,0,0,0
0,Middlesbrough,Dorival Guidoni Júnior,105.6,58.4,0.21428301026394905,23.364930986416375,1,0,0
0,Arsenal,Thierry Henry,102.8,24.700000000000003,0.2618729384138142,23.020208513391015,0,0,0
0,Middlesbrough,Oswaldo Giroldo Júnior,99.8,22.4,0.22655102163290455,26.791789787171748,0,0,0
1,Arsenal,Sylvain Wiltord,115.4,40.3,1.4300910187215539,4.609772228646438,1,0,1
0,Middlesbrough,Oswaldo Giroldo Júnior,66.3,21.200000000000003,0.1327205786303542,56.89578191746731,0,0,0
0,Middlesbrough,Oswaldo Giroldo Júnior,96.4,36.6,0.3295948363282518,23.84365743756607,0,0,0
0,Middlesbrough,Dorival Guidoni Júnior,96.2,65.2,0.15941243424573656,34.66237152879185,0,0,0
0,Leeds United,Lamine Sakho,104.7,51.9,0.3283280985370266,19.382982226685346,1,0,0
0,Leeds United,Michael Bridges,100.4,57.4,0.22982261374134455,26.209158704544485,0,0,0
1,Arsenal,Thierry Henry,112.3,50.6,0.3772623170551559,13.101526628603251,0,0,0
0,Leeds United,Jermaine Pennant,108.8,22.9,0.21961188074707216,20.441379601191308,1,0,0
1,Arsenal,Robert Pirès ,113.4,50.0,0.3928974492589332,11.981652640600123,1,0,0
0,Arsenal,Dennis Bergkamp,100.7,36.9,0.3995016797125367,19.54737834084151,0,0,0
1,Arsenal,Thierry Henry,110.3,51.9,0.3398940803315138,15.352524222420236,1,0,0
0,Arsenal,Dennis Bergkamp,102.5,20.9,0.21076975362474912,25.904825805243316,0,0,0
0,Leeds United,Michael Bridges,111.6,37.6,0.8400665330907394,8.736131867136628,0,1,0
0,Arsenal,Thierry Henry,107.8,26.9,0.3105517366335796,17.90111728356641,0,0,0
1,Arsenal,Gilberto Aparecido da Silva,107.3,36.7,0.5773049415906332,13.121737689803131,1,0,0
0,Leeds United,René Salomon Olembé-Olembé,95.4,50.9,0.2714050062176333,26.906690617762706,0,0,0
0,Leeds United,Lamine Sakho,103.0,44.1,0.43919653415538673,17.48742405273001,0,0,0
0,Leeds United,Alan Smith,97.6,26.6,0.26336621293051476,26.102107194630864,0,0,0
1,Leeds United,Alan Smith,112.0,46.9,0.5905060620348438,10.564563407921785,1,0,0
0,Leeds United,Alan Smith,100.9,47.9,0.3561219565811098,20.669300907384358,0,0,0
0,Leeds United,Alan Smith,92.7,31.299999999999997,0.2651988144452456,28.652748559256924,0,0,0
0,Arsenal,Ray Parlour,107.8,38.3,0.6240048922465402,12.317873193047577,1,0,0
0,Arsenal,Thierry Henry,111.7,47.9,0.5230601702164891,11.45862120850497,1,0,0
0,Arsenal,Jérémie Aliadière,113.5,36.3,0.9167047494754597,7.479304780526063,0,0,0
0,Arsenal,Laureano Bisan-Etame Mayer,105.9,29.700000000000003,0.3726236796504121,17.46138597019148,1,0,0
0,Arsenal,Eduardo César Daude Gaspar,114.1,36.9,1.0297691676973264,6.664833081180658,0,0,0
0,Arsenal,Gilberto Aparecido da Silva,101.1,32.5,0.3638728166779118,20.333715843396657,1,0,0
0,Liverpool,John Arne Semundseth Riise,95.9,49.9,0.28335140251468394,26.054174329653964,1,0,0
0,Liverpool,Michael Owen,93.4,53.7,0.23769761625277866,29.920728600754355,0,0,0
0,Liverpool,Vladimir Smicer,93.3,26.1,0.23575689937765443,30.101494979485654,1,0,0
1,Liverpool,Harry Kewell,103.3,33.3,0.4099404116320833,17.993887851156572,1,0,0
0,Arsenal,Ray Parlour,81.5,40.7,0.20718969987326494,38.50636311053019,0,0,0
0,Liverpool,Harry Kewell,107.7,33.1,0.49407778134159586,14.103191128251785,1,0,0
0,Arsenal,Thierry Henry,93.9,30.1,0.26731131213912956,27.914512354687474,0,0,0
0,Arsenal,Kolo Habib Touré,107.8,35.0,0.5543446835058795,13.18483977907961,1,0,0
0,Liverpool,Michael Owen,98.2,39.7,0.3632288760153256,21.802064122463264,0,0,0
0,Liverpool,Michael Owen,111.5,43.5,0.782475992406203,9.192388155425117,0,0,0
0,Arsenal,Eduardo César Daude Gaspar,113.0,41.4,1.0135796189719082,7.138627319029899,0,0,0
0,Arsenal,Ray Parlour,93.9,30.799999999999997,0.27184823028784805,27.673995013369492,1,0,0
0,Arsenal,Kolo Habib Touré,112.4,39.6,0.9680021092370545,7.610519036176173,0,1,0
0,Liverpool,El-Hadji Ousseynou Diouf,116.2,35.7,1.0639058420618968,5.738466694161425,0,0,1
0,Liverpool,Michael Owen,110.7,37.3,0.7639032526759398,9.684007434941382,0,1,0
0,Arsenal,Ray Parlour,91.5,19.5,0.18546118551849328,35.10697936308392,0,0,0
0,Arsenal,Gilberto Aparecido da Silva,111.5,44.8,0.709596748014999,9.761659694949419,0,0,0
0,Arsenal,Thierry Henry,95.1,39.6,0.31880094278779547,24.90321264415498,0,0,0
1,Arsenal,Robert Pirès ,95.6,48.3,0.29277513605881866,25.773047937719753,0,0,0
0,Liverpool,Harry Kewell,98.3,35.9,0.35299606061236843,22.083930809527548,0,0,0
0,Arsenal,Sylvain Wiltord,96.0,48.5,0.2951221055779894,25.46075411294803,0,0,0
0,Liverpool,Salif Alassane Diao,115.3,34.4,0.788333474984994,7.3109506905737,0,0,0
0,Liverpool,El-Hadji Ousseynou Diouf,112.6,43.4,0.8671175173819505,8.143709228600937,1,0,0
0,Liverpool,Anthony Le Tallec,95.5,43.5,0.3177851340519043,24.74873734152916,1,0,0
0,Arsenal,Thierry Henry,108.5,46.5,0.5264412302456729,13.209844813622906,0,0,0
1,Chelsea,Hernán Jorge Crespo,91.5,49.4,0.25250358369284426,30.010164944565034,0,0,0
0,Chelsea,Hernán Jorge Crespo,109.6,39.4,0.7330846538699537,10.417293314484342,0,0,0
0,Chelsea,Glen Johnson,101.4,25.200000000000003,0.26494916971924787,23.769728648009423,0,0,0
0,Chelsea,Frank Lampard,89.1,46.3,0.24770159609713657,31.535694062442964,0,0,0
0,Chelsea,Glen Johnson,91.9,20.799999999999997,0.19451785692973322,34.03307215048327,0,0,0
0,Arsenal,Laureano Bisan-Etame Mayer,99.7,32.5,0.34503342149152816,21.641164478835233,0,0,0
0,Arsenal,Eduardo César Daude Gaspar,103.3,39.9,0.4706261399036454,16.700299398513792,1,0,0
0,Chelsea,"Gérémi Sorele N""Djitap Fotso",83.4,47.2,0.20996279293540815,37.301474501686926,0,0,0
0,Chelsea,Hernán Jorge Crespo,105.3,20.1,0.19498315460611287,24.740654801358836,1,0,0
0,Arsenal,Robert Pirès ,96.4,51.9,0.270126335304869,26.43047483493249,0,0,0
0,Arsenal,Thierry Henry,107.8,41.3,0.6282226742084935,12.269066794177954,0,0,0
0,Arsenal,Robert Pirès ,97.9,49.6,0.3037892062897446,24.095020232404863,0,0,0
0,Arsenal,Gilberto Aparecido da Silva,96.9,40.2,0.34323500773818755,23.10086578464105,1,0,0
0,Arsenal,Robert Pirès ,103.8,56.1,0.25116105380057346,22.83965849131725,0,0,0
0,Arsenal,Robert Pirès ,98.5,38.1,0.3655520493812587,21.583790213954543,1,0,0
0,Arsenal,Thierry Henry,111.1,36.8,0.7705692140135492,9.457801012920504,0,0,0
0,Arsenal,Nwankwo Christian Kanu,112.5,34.7,0.721240988008124,9.183681179135084,0,0,0
1,Arsenal,Thierry Henry,110.6,39.4,0.8028891145101724,9.4191294714533,0,0,1
0,Arsenal,Thierry Henry,110.9,46.4,0.5947093784726205,11.125196627475843,0,1,0
0,Arsenal,Dennis Bergkamp,99.6,46.5,0.35375364757642813,21.410511437142276,1,0,0
0,Chelsea,Joe Cole,102.4,34.9,0.4151817519493046,18.32402794147618,1,0,0
0,Blackburn Rovers,Matt Jansen,95.5,31.6,0.2911270202678042,25.9,0,0,0
0,Blackburn Rovers,Craig Short,111.6,37.9,0.8513076535905757,8.658521813797094,0,1,0
0,Blackburn Rovers,Lucas Neill,96.1,35.7,0.32201811000846253,24.283739415501895,1,0,0
0,Arsenal,Thierry Henry,105.9,52.1,0.3304321361038381,18.580096878111263,1,0,0
0,Arsenal,Thierry Henry,86.1,47.9,0.22327731716014373,34.808332335807194,0,0,0
0,Arsenal,Robert Pirès ,96.0,48.9,0.292089111033169,25.597070144842746,0,0,0
0,Arsenal,José Antonio Reyes Calderón,103.9,60.0,0.1978358756002384,25.675085199469148,0,0,0
0,Blackburn Rovers,Jonathan Douglas,98.5,49.0,0.31565167872815625,23.30772404161333,1,0,0
0,Blackburn Rovers,Matt Jansen,112.9,50.1,0.3949733730872035,12.345849504995595,0,0,0
0,Arsenal,Thierry Henry,111.3,40.0,0.8626645099665256,8.700000000000003,0,0,0
0,Blackburn Rovers,Andy Cole,113.6,22.0,0.14584062859844035,19.103926298015285,1,0,0
0,Arsenal,Thierry Henry,95.5,46.8,0.3016994164515716,25.42616762313975,0,0,0
0,Arsenal,Robert Pirès ,101.9,28.4,0.3141335855155773,21.498139454380695,0,0,0
0,Blackburn Rovers,Tugay Kerimoğlu,96.5,32.7,0.30900638843334116,24.607722365143832,1,0,0
0,Arsenal,Robert Pirès ,99.1,53.9,0.26612726929156205,25.100199202396784,0,0,0
0,Blackburn Rovers,Andy Cole,109.0,42.7,0.6653434050323641,11.326517558367179,1,0,0
0,Arsenal,Thierry Henry,108.6,27.200000000000003,0.3175418962606018,17.140595088852663,1,0,0
1,Arsenal,Robert Pirès ,112.3,42.6,0.8892899921865131,8.127115109311548,1,0,0
0,Blackburn Rovers,Martin Andresen,95.1,38.3,0.31746143726441306,24.957964660604844,0,0,0
0,Aston Villa,Thomas Hitzlsperger,88.4,23.4,0.1984942043687995,35.69481755101151,0,0,0
0,Arsenal,Robert Pirès ,99.8,17.6,0.17905192686549576,30.162891108114955,1,0,0
0,Arsenal,Robert Pirès ,88.5,33.3,0.24219092275068385,32.20465804817682,0,0,0
0,Arsenal,Thierry Henry,110.4,28.200000000000003,0.3428614575029596,15.211837495845128,0,0,0
0,Aston Villa,Juan Pablo Ángel Arango,102.0,26.5,0.28598342655101,22.5,1,0,0
0,Aston Villa,Marcus Allbäck,107.5,37.3,0.5962293777151315,12.788275880665072,0,0,0
0,Arsenal,Thierry Henry,104.6,56.6,0.2433721170928954,22.643321311150455,0,0,0
0,Arsenal,Patrick Vieira,84.2,39.7,0.22274827517370033,35.80125696117386,0,0,0
0,Aston Villa,Juan Pablo Ángel Arango,107.8,60.9,0.16986326125576132,24.200206610688266,0,0,0
0,Arsenal,Thierry Henry,100.7,50.3,0.32247689916265193,21.876471379086706,0,0,0
0,Arsenal,Fredrik Ljungberg,112.5,44.2,0.8040778829081822,8.595929269136642,1,0,0
0,Aston Villa,Thomas Hitzlsperger,94.9,14.900000000000006,0.1601948799149788,35.49676041556468,0,0,0
0,Aston Villa,Marcus Allbäck,112.2,46.4,0.6294559236181883,10.089598604503548,1,0,0
0,Aston Villa,Gareth Barry,108.0,33.3,0.507385470559318,13.743725841270265,0,1,0
0,Arsenal,Robert Pirès ,103.3,50.5,0.34416965905037256,19.726631744927975,0,0,0
0,Aston Villa,Thomas Hitzlsperger,95.8,25.700000000000003,0.24530827373838132,28.1092511461974,0,0,0
0,Arsenal,Ray Parlour,98.9,58.3,0.21764311157895222,27.930270317345656,0,0,0
0,Aston Villa,Peter Whittingham,91.4,48.1,0.2581123499894059,29.72490538252392,0,0,0
0,Aston Villa,Olof Mellberg,108.1,32.6,0.48613347145254976,14.01320805525987,0,1,0
0,Arsenal,Kolo Habib Touré,90.4,29.9,0.24155665119914002,31.275709424407943,0,0,0
0,Aston Villa,Juan Pablo Ángel Arango,111.0,36.4,0.7463851102997522,9.693296652842106,0,1,0
0,Arsenal,Thierry Henry,98.5,27.9,0.2827425104687711,24.671035649116963,0,0,0
0,Arsenal,Thierry Henry,88.1,41.9,0.24887072326520046,31.956532978406784,0,0,0
0,Arsenal,Thierry Henry,116.4,34.7,0.8560631140108778,6.407027391856533,1,0,0
0,Arsenal,Ray Parlour,95.7,23.299999999999997,0.22420488980718764,29.485250550063164,0,0,0
0,Arsenal,Thierry Henry,104.3,33.0,0.42276734980324737,17.189822570346678,0,0,0
0,Arsenal,Thierry Henry,99.0,54.6,0.25767739831116265,25.57655176133014,0,0,0
0,Arsenal,Sylvain Wiltord,113.6,33.9,0.6896864601943286,8.841379982785499,1,0,0
0,Arsenal,Fredrik Ljungberg,103.0,40.6,0.46210549693190844,17.010584939971935,0,0,0
1,Arsenal,Thierry Henry,117.8,44.8,0.9787774883343413,5.280151512977633,1,0,1
1,Newcastle United,Laurent Robert,116.5,37.5,1.4829808334647487,4.301162633521313,1,0,1
0,Newcastle United,Olivier Bernard,104.6,51.1,0.34391660482678305,18.983413813115916,0,0,0
0,Arsenal,Thierry Henry,94.2,44.3,0.29992027195968973,26.15587888028234,0,0,0
0,Arsenal,Fredrik Ljungberg,106.9,53.5,0.30108973372036635,18.811166896287954,1,0,0
0,Newcastle United,Craig Bellamy,100.7,50.6,0.31845152587738124,22.019309707617992,0,0,0
0,Arsenal,Thierry Henry,91.7,44.7,0.27379376183339754,28.687627995357158,0,0,0
1,Arsenal,Gilberto Aparecido da Silva,114.3,39.6,1.2216558458089524,5.714017850864663,0,0,0
0,Arsenal,Thierry Henry,113.6,42.3,1.0380639879066293,6.800735254367726,0,1,0
0,Arsenal,Sylvain Wiltord,87.4,20.1,0.17901299018708444,38.19384767210551,1,0,0
1,Newcastle United,Olivier Bernard,109.5,52.1,0.3361755096201156,16.020611723651506,1,0,0
0,Newcastle United,Laurent Robert,95.3,51.7,0.26427753185721603,27.330934854117235,0,0,0
0,Newcastle United,Alan Shearer,108.0,48.2,0.45745309920346366,14.534097839219331,0,1,0
0,Arsenal,Ray Parlour,96.7,37.4,0.3363777559628549,23.444615586526467,1,0,0
0,Arsenal,Gilberto Aparecido da Silva,91.5,49.5,0.2519877557773915,30.041637771599603,0,0,0
0,Arsenal,Thierry Henry,113.5,34.7,0.764198446090514,8.3868945385047,1,0,0
0,Manchester City,Joey Barton,95.9,43.6,0.32239769132547563,24.36739624990737,0,0,0
0,Manchester City,Joey Barton,88.9,42.3,0.2547300717002615,31.184932259025345,0,0,0
0,Manchester City,Michael Tarnat,82.0,55.2,0.18141053439567983,40.92725253422223,0,0,0
0,Manchester City,Nicolas Anelka,103.6,33.5,0.4186272151271266,17.641145087550303,0,0,0
0,Arsenal,Gilberto Aparecido da Silva,113.9,53.9,0.22403014717020986,15.179591562357661,0,0,0
0,Arsenal,Laureano Bisan-Etame Mayer,98.0,24.9,0.24792903141241257,26.683515510516976,0,0,0
0,Arsenal,Robert Pirès ,99.3,59.3,0.208124534909581,28.301590061337542,0,0,0
0,Arsenal,Dennis Bergkamp,100.6,39.9,0.40706157253502395,19.40025773024679,0,0,0
0,Arsenal,Ashley Cole,87.0,51.6,0.21545250737793284,34.979422522391644,1,0,0
0,Manchester City,Jihai Sun,93.3,38.2,0.29641125132544927,26.760605374318423,0,0,0
0,Manchester City,Paul Bosvelt,107.0,22.1,0.21647364270891453,22.122612865572634,1,0,0
0,Manchester City,Richard Dunne,106.1,32.3,0.4399582534185432,15.89024858207071,0,1,0
0,Manchester City,Sylvain Distin,108.8,36.7,0.6406607664872943,11.676043850551437,0,1,0
0,Arsenal,Robert Pirès ,105.3,33.9,0.46055754032408736,15.915401345866213,1,0,0
0,Arsenal,Eduardo César Daude Gaspar,86.6,39.6,0.23859067309259438,33.402395123703336,0,0,0
0,Arsenal,Thierry Henry,92.2,40.5,0.2860035474572095,27.804496039309896,0,0,0
0,Manchester City,Nicolas Anelka,105.5,47.8,0.4272182525329204,16.464810961562844,0,0,0
0,Arsenal,José Antonio Reyes Calderón,101.3,31.299999999999997,0.3507058762694269,20.62474242263404,0,0,0
0,Arsenal,Thierry Henry,110.6,39.9,0.8053008013157954,9.400531899844824,1,0,0
0,Manchester City,Nicolas Anelka,98.7,24.1,0.2421894436465304,26.580067720004024,0,0,0
0,Manchester City,Robbie Fowler,105.3,19.4,0.18633862876254567,25.307113624433743,0,0,0
1,Arsenal,Thierry Henry,98.9,57.0,0.23107418599101756,27.096309711840835,0,0,0
0,Manchester City,Sylvain Distin,113.0,47.7,0.5459953649034248,10.406248123122957,0,0,0
0,Manchester City,Steve McManaman,112.0,24.799999999999997,0.22570370589979688,17.176728442867113,1,0,0
1,Manchester City,Nicolas Anelka,109.8,46.2,0.5735426454815452,11.936498649101424,0,0,0
0,Arsenal,Dennis Bergkamp,103.8,24.1,0.2542447883778517,22.699118925632337,0,0,0
0,Arsenal,José Antonio Reyes Calderón,100.2,49.5,0.327800752719708,21.961101975993824,0,0,0
0,Birmingham City,Stephen Clemence,106.9,48.1,0.44286427092069064,15.401947928752383,1,0,0
0,Arsenal,José Antonio Reyes Calderón,103.5,34.5,0.4321702615879602,17.392527130926087,1,0,0
0,Arsenal,Thierry Henry,90.8,52.4,0.2318638254465319,31.723808094237366,0,0,0
0,Arsenal,Kolo Habib Touré,118.3,49.3,0.1835172471418707,9.454099639838791,0,0,0
0,Birmingham City,Stephen Clemence,91.0,28.6,0.2385644528138715,31.16023106461183,0,0,0
0,Arsenal,Thierry Henry,106.8,54.2,0.28571662600786857,19.387624919004395,0,0,0
0,Arsenal,Dennis Bergkamp,107.8,34.3,0.533809899770919,13.46588281547111,1,0,0
0,Arsenal,Dennis Bergkamp,90.1,26.0,0.21936083541907267,33.01529948372421,0,0,0
0,Arsenal,Fredrik Ljungberg,106.4,34.9,0.50949114938349,14.524806367039796,0,0,0
0,Manchester United,Ruud van Nistelrooy,118.4,46.5,0.41888733297014824,6.694027188471823,0,0,0
0,Manchester United,Ruud van Nistelrooy,98.3,40.6,0.3646676232929753,21.70829334609241,1,0,0
0,Arsenal,Ashley Cole,96.3,49.4,0.29085790889677104,25.49607812978302,0,0,0
0,Manchester United,Quinton Fortune Kolobea,104.2,38.8,0.49382110094965803,15.845504094221804,0,1,0
0,Arsenal,Dennis Bergkamp,98.1,47.5,0.3253837955766617,23.148650068632517,1,0,0
0,Manchester United,Cristiano Ronaldo dos Santos Aveiro,96.6,22.200000000000003,0.21739134756081685,29.40068026423879,0,0,0
0,Manchester United,Cristiano Ronaldo dos Santos Aveiro,96.4,30.1,0.2875889640944905,25.59238167892937,0,0,0
0,Arsenal,Gilberto Aparecido da Silva,89.6,39.8,0.2619050381584284,30.40065788761816,0,0,0
0,Arsenal,Thierry Henry,98.8,14.700000000000003,0.1568487769040889,33.00802932621092,1,0,0
0,Manchester United,Cristiano Ronaldo dos Santos Aveiro,107.1,20.1,0.18686192877492014,23.715395843207006,0,0,0
0,Manchester United,Ruud van Nistelrooy,112.5,26.5,0.26368808258716336,15.443445211480501,0,0,0
0,Arsenal,Thierry Henry,104.2,50.0,0.36250971442549557,18.69866305381216,0,1,0
0,Portsmouth,Nigel Quashie,95.3,33.7,0.3025303786427853,25.490782647851365,1,0,0
0,Portsmouth,Nigel Quashie,93.5,41.5,0.29900030283920975,26.542418879973997,1,0,0
0,Portsmouth,Arjan de Zeeuw,104.7,38.8,0.5091170880560391,15.346986674914394,1,0,0
0,Arsenal,Ray Parlour,96.6,24.4,0.2372721408594657,28.123299948619124,0,0,0
0,Portsmouth,Yakubu Aiyegbeni,99.4,30.6,0.3206700183407681,22.64332131115044,0,0,0
1,Portsmouth,Teddy Sheringham,114.2,39.9,1.2082542036431945,5.800862004909268,0,0,0
0,Arsenal,Patrick Vieira,88.8,33.3,0.24430027612671212,31.911283270968596,0,0,0
0,Arsenal,Dennis Bergkamp,105.4,33.4,0.45219598783448395,16.02248420189578,1,0,0
0,Portsmouth,Amdy Moustapha Faye,76.2,26.299999999999997,0.16626770417427147,45.89259199478713,0,0,0
0,Arsenal,Thierry Henry,94.4,32.9,0.2889084109018477,26.56633207652121,0,0,0
0,Arsenal,Ray Parlour,99.6,25.4,0.2603305724027922,25.086251214559745,1,0,0
0,Portsmouth,Yakubu Aiyegbeni,107.5,28.5,0.3520793610472742,16.98528775146303,1,0,0
0,Arsenal,Dennis Bergkamp,116.3,49.0,0.36025528309615945,9.730878685915267,0,0,0
0,Portsmouth,Yakubu Aiyegbeni,103.0,33.0,0.40003060437372545,18.384776310850235,0,0,0
0,Arsenal,Dennis Bergkamp,111.6,50.8,0.3744522059384638,13.682105101189656,0,0,0
0,Arsenal,Patrick Vieira,112.1,41.8,0.9057037018820776,8.102468759581864,0,1,0
0,Arsenal,Thierry Henry,111.8,42.0,0.8717080092288569,8.44037913840368,0,1,0
0,Arsenal,Ray Parlour,101.4,26.700000000000003,0.2858448938804993,22.865913495856663,1,0,0
0,Arsenal,Kolo Habib Touré,116.5,36.4,1.2543564201832516,5.020956084253278,1,0,0
0,Arsenal,"Sulzeer Jeremiah ""Sol"" Campbell",113.0,42.8,0.9415421589233459,7.539230729988305,0,1,0
0,Portsmouth,Jason Roberts,91.7,75.6,0.10998545763966555,45.47801666739656,0,0,0
0,Arsenal,Thierry Henry,111.8,40.5,0.9061207293365404,8.215229759416353,0,1,0
0,Arsenal,Thierry Henry,94.8,42.8,0.3114563707197806,25.355078386784772,1,0,0
0,Arsenal,Robert Pirès ,88.7,44.3,0.2498751924834189,31.59398676963703,0,0,0
0,Manchester City,Antoine Sibierski,98.4,50.4,0.3002485832496208,23.973318502034708,1,0,0
0,Manchester City,Nicolas Anelka,109.9,18.299999999999997,0.14423525012875318,23.935329536064465,0,0,0
0,Manchester City,Shaun Wright-Phillips,87.9,26.4,0.21113992047770455,34.86215713348788,1,0,0
0,Manchester City,Nicolas Anelka,107.7,42.7,0.6046551293901979,12.592855117089211,0,0,0
0,Manchester City,Nicolas Anelka,100.2,51.0,0.3088221211387704,22.6503863101714,1,0,0
0,Manchester City,Antoine Sibierski,101.4,51.8,0.30741329748459545,22.02725584361338,0,0,0
0,Manchester City,Nicolas Anelka,102.0,26.700000000000003,0.28897269452229396,22.380571931923452,1,0,0
0,Arsenal,Fredrik Ljungberg,107.4,24.6,0.2596152384254466,19.89773856497265,0,0,0
0,Arsenal,Sylvain Wiltord,101.5,55.1,0.26120103726068405,23.880117252643466,0,0,0
0,Arsenal,Sylvain Wiltord,104.3,58.8,0.21208529303281062,24.49346851713738,1,0,0
1,Arsenal,Sylvain Wiltord,113.6,44.7,0.8284576736023768,7.9404030124421325,1,0,0
0,Arsenal,Robert Pirès ,101.0,26.799999999999997,0.28506800764987195,23.135254483147573,1,0,0
0,Arsenal,Fredrik Ljungberg,114.7,31.700000000000003,0.4829171231546167,9.84784240328814,1,0,0
0,Manchester City,Antoine Sibierski,107.2,36.8,0.5753623912808873,13.193938001976512,0,0,0
0,Manchester City,Nicolas Anelka,97.5,33.5,0.32629474309664086,23.42007685726074,0,0,0
0,Arsenal,Robert Pirès ,107.8,34.2,0.5307781187868029,13.508515832614627,1,0,0
0,Manchester City,Michael Tarnat,71.2,74.7,0.10904729244666858,59.87929525303383,0,0,0
1,Arsenal,Fredrik Ljungberg,108.1,42.8,0.6202386703671461,12.224974437601091,1,0,0
0,Arsenal,Thierry Henry,99.4,47.7,0.33914983300485796,21.99204401596177,0,0,0
0,Manchester City,Robbie Fowler,111.9,44.9,0.7224836910979777,9.466784036831088,0,1,0
0,Chelsea,Adrian Mutu,112.3,44.7,0.756389287525938,9.021086409075131,0,1,0
1,Chelsea,Eiður Smári Guðjohnsen,115.6,30.700000000000003,0.37385166897308725,10.288342918079664,1,0,0
0,Chelsea,William Gallas,115.8,27.799999999999997,0.21994249803217933,12.902712893031454,1,0,0
0,Arsenal,Thierry Henry,105.3,49.7,0.38068136062100183,17.611927776367928,1,0,0
0,Arsenal,"Sulzeer Jeremiah ""Sol"" Campbell",98.0,39.3,0.35971756070550975,22.011133546457803,0,0,0
0,Chelsea,William Gallas,111.9,38.8,0.904332052184166,8.188406438373704,0,1,0
0,Arsenal,Thierry Henry,110.6,60.3,0.15416174606573152,22.370739817896055,1,0,0
1,Arsenal,Patrick Vieira,107.0,46.2,0.49814144606687166,14.402777509911068,1,0,0
0,Chelsea,Eiður Smári Guðjohnsen,118.5,31.200000000000003,0.18650571209697628,8.926925562588721,0,0,0
0,Chelsea,Mario Melchiot,117.0,37.4,1.5821317387452198,3.969886648255843,0,0,0
0,Arsenal,Eduardo César Daude Gaspar,91.9,39.5,0.2829927766222976,28.104448046528145,0,0,0
1,Arsenal,Eduardo César Daude Gaspar,114.0,32.4,0.5536687703014374,9.682974749528166,0,0,0
0,Arsenal,Dennis Bergkamp,99.1,5.400000000000006,0.10307916867819729,40.42239478309022,0,0,0
0,Chelsea,John Terry,113.5,49.9,0.3967853674549282,11.843141475132347,0,0,0
0,Chelsea,Claude Makélélé,101.2,41.3,0.4178347606385721,18.84489320744482,1,0,0
0,Arsenal,Robert Pirès ,97.0,22.6,0.22206938704224466,28.840249652178812,0,0,0
0,Arsenal,Kolo Habib Touré,110.7,39.6,0.8119781979709616,9.308598175880189,0,1,0
0,Chelsea,Wayne Bridge,106.3,46.3,0.47881105411658526,15.079124643028853,1,0,0
0,Chelsea,"Gérémi Sorele N""Djitap Fotso",113.1,36.9,0.930245420098765,7.564390259630983,0,1,0
0,Chelsea,Scott Parker,94.4,37.7,0.30791363520133014,25.703112651972713,1,0,0
0,Chelsea,Claude Makélélé,89.3,47.1,0.24654958879111658,31.51031577118833,0,0,0
0,Chelsea,Frank Lampard,98.0,39.4,0.35980901573307944,22.0081802973349,0,0,0
0,Chelsea,William Gallas,110.6,39.1,0.7998047956671024,9.442986815621428,1,0,0
0,Arsenal,Gilberto Aparecido da Silva,100.8,26.299999999999997,0.277245917766135,23.586648765774253,0,0,0
0,Arsenal,Gilberto Aparecido da Silva,112.0,28.5,0.34155267405353745,14.0089257261219,0,0,0
0,Arsenal,Patrick Vieira,111.5,37.3,0.820048698886222,8.91852005660132,0,1,0
1,Arsenal,Patrick Vieira,111.3,40.3,0.8619196703144847,8.705170877128147,1,0,1
0,Arsenal,Dennis Bergkamp,103.9,54.1,0.28382959649220574,21.40140182324513,0,0,0
0,Tottenham Hotspur,Jamie Redknapp,94.1,50.5,0.2647493171398741,27.947450688747985,1,0,0
0,Tottenham Hotspur,Mauricio Taricco,93.7,56.9,0.2156904600777296,31.261797773000833,0,0,0
0,Tottenham Hotspur,Frédéric Oumar Kanouté,99.1,34.3,0.3537196563584049,21.663333076883628,1,0,0
1,Arsenal,Robert Pirès ,109.7,47.1,0.5309578067712349,12.509996003196802,1,0,0
0,Tottenham Hotspur,Frédéric Oumar Kanouté,93.3,46.9,0.27967844079946697,27.577164466275356,0,0,0
0,Tottenham Hotspur,Simon Davies,96.5,42.2,0.33473009391392067,23.6027540765903,0,0,0
0,Arsenal,Thierry Henry,98.4,35.3,0.35085040864767725,22.105429197371393,0,0,0
0,Tottenham Hotspur,Frédéric Oumar Kanouté,91.7,37.2,0.2784671526774853,28.438178563332777,1,0,0
0,Arsenal,Thierry Henry,95.7,56.4,0.22675550638798653,29.31637767528587,0,0,0
1,Tottenham Hotspur,Jamie Redknapp,93.0,41.8,0.29319268771797996,27.059933481071234,1,0,0
0,Arsenal,Thierry Henry,108.1,33.2,0.5063950625259321,13.705838172107537,0,0,0
0,Tottenham Hotspur,Frédéric Oumar Kanouté,116.6,55.1,0.12120557117661684,15.478048972658023,0,0,0
0,Arsenal,Robert Pirès ,107.4,30.299999999999997,0.402779835925171,15.901257811883937,1,0,0
0,Arsenal,Thierry Henry,93.9,52.3,0.2506121447270248,28.85307609250701,0,0,0
0,Tottenham Hotspur,Jermain Defoe,111.0,49.5,0.43470930858463874,13.086252328302399,0,0,0
0,Arsenal,Thierry Henry,109.8,48.8,0.45859931442346047,13.47145129523913,1,0,0
0,Tottenham Hotspur,Jermain Defoe,112.1,49.2,0.4498458070409212,12.126417442921886,0,1,0
0,Arsenal,Thierry Henry,89.0,47.3,0.24373947599890658,31.847919869278748,0,0,0
0,Arsenal,Kolo Habib Touré,103.0,27.5,0.30713878030306174,21.10094784600919,0,0,0
0,Arsenal,Ray Parlour,90.9,28.799999999999997,0.23904533928275468,31.180923655337725,0,0,0
0,Southampton,Kevin Phillips,108.4,19.1,0.1657398457505683,23.903347045968268,0,0,0
0,Arsenal,Thierry Henry,99.2,56.7,0.2350672272495757,26.674519677025113,0,0,0
0,Arsenal,Dennis Bergkamp,116.7,32.4,0.4654375262540488,8.285529554590944,0,0,0
0,Arsenal,Ray Parlour,88.5,49.4,0.23266163147707583,32.87263299463552,0,0,0
0,Arsenal,Robert Pirès ,100.7,26.700000000000003,0.28205872836839624,23.438856627403986,0,0,0
0,Southampton,David Prutton,87.7,37.5,0.24523733648473034,32.39660476037574,0,0,0
0,Southampton,Danny Higginbotham,88.1,39.8,0.24972139712799643,31.90062695308668,1,0,0
0,Southampton,Léandre Griffit,89.3,51.6,0.22769155574455888,32.81843993854675,1,0,0
0,Arsenal,Thierry Henry,94.0,53.8,0.24011218665626446,29.43535289409658,0,0,0
1,Arsenal,Robert Pirès ,107.5,50.7,0.37446038741119825,16.454178800535747,1,0,0
0,Arsenal,Thierry Henry,98.8,52.6,0.2792057907011999,24.66171121394459,0,0,0
0,Southampton,Kevin Phillips,108.2,50.4,0.3877444604644389,15.728954192825404,0,0,0
0,Arsenal,Fredrik Ljungberg,112.8,27.799999999999997,0.30266668213304854,14.166156853571831,1,0,0
0,Arsenal,Thierry Henry,91.7,55.1,0.2201239090208922,32.07647112760379,0,0,0
0,Arsenal,Fredrik Ljungberg,100.3,22.0,0.2228812460996242,26.68501452126268,0,0,0
0,Arsenal,Thierry Henry,95.1,50.5,0.2722521987613875,27.023323259732514,0,0,0
0,Arsenal,Eduardo César Daude Gaspar,89.5,28.299999999999997,0.22831864391037857,32.66710884054479,0,0,0
0,Arsenal,Thierry Henry,99.5,55.1,0.254051642559654,25.460950492862594,0,0,0
0,Arsenal,Sylvain Wiltord,91.5,42.9,0.27638741857835836,28.647163908491887,0,0,0
0,Everton,Mark Pembridge,80.7,51.6,0.18703301589274068,40.976212611709244,0,0,0
0,Everton,Nick Chadwick,111.7,40.7,0.8944610649033724,8.329465769183518,1,0,0
0,Everton,Mark Pembridge,109.8,56.1,0.2310473915325145,19.05911855254592,1,0,0
0,Everton,Thomas Gravesen,88.5,25.5,0.209490339677706,34.677081768799404,0,0,0
0,Arsenal,Kolo Habib Touré,114.5,34.0,0.7200015665130048,8.139410298049853,0,1,0
0,Everton,Tomasz Radziński,101.5,27.4,0.29647388115539924,22.383252668010517,0,0,0
0,Arsenal,Robert Pirès ,98.4,35.3,0.35085040864767725,22.105429197371393,0,0,0
0,Arsenal,Robert Pirès ,107.9,42.2,0.6217841028404165,12.298373876248839,0,0,0
0,Everton,Tomasz Radziński,95.8,31.200000000000003,0.2910047677287026,25.750339803583177,1,0,0
0,Arsenal,Martin Keown,115.8,32.7,0.5496807709326405,8.421995013059554,0,1,0
0,Arsenal,Patrick Vieira,115.2,37.4,1.2268607086183883,5.45893762558247,0,0,0
0,Everton,Thomas Gravesen,97.1,52.4,0.2701866295310588,26.041697333315284,0,0,0
0,Everton,Tomasz Radziński,111.5,25.4,0.24750755838357086,16.894081803992783,0,0,0
0,Arsenal,Patrick Vieira,92.4,49.9,0.25620028992920146,29.321834867552194,0,0,0
0,Arsenal,Thierry Henry,93.6,29.799999999999997,0.26308484367874585,28.301943396169815,0,0,0
0,Arsenal,Patrick Vieira,111.8,46.3,0.6256147605696698,10.340696301506975,1,0,0
1,Arsenal,Robert Pirès ,114.4,36.4,1.0080485582946408,6.657326790837291,1,0,0
0,Everton,Gary Naysmith,109.6,51.4,0.3587752420547528,15.431137352768271,0,0,0
0,Everton,Steve Watson,112.9,38.8,1.0086407851577073,7.200694410957872,0,0,0
0,Everton,Steve Watson,108.0,32.2,0.47079582688729993,14.312232530251874,0,1,0
1,Everton,Tomasz Radziński,105.8,47.3,0.4442620469105812,15.966527487215247,1,0,0
0,Everton,Joseph Phillip Yobo,108.5,45.1,0.5746182586872349,12.580143083447023,0,0,0
0,Arsenal,Thierry Henry,89.4,36.0,0.2559700486298382,30.86033052318137,0,0,0
1,Arsenal,Fredrik Ljungberg,109.3,38.8,0.7089717551423953,10.767079455451235,1,0,0
0,Arsenal,Dennis Bergkamp,100.8,36.7,0.4001651996729048,19.48152971406507,1,0,0
0,Arsenal,Thierry Henry,104.6,30.5,0.3771057576103614,18.094474294656926,0,0,0
0,Birmingham City,Stan Lazaridis,114.8,33.1,0.6176720956230715,8.640023148117141,1,0,0
0,Birmingham City,Stan Lazaridis,113.8,55.5,0.18682527512804922,16.694010902116965,1,0,0
0,Birmingham City,Matthew Upson,111.5,40.8,0.8748994231264473,8.537564055396597,0,0,0
0,Birmingham City,David Dunn,92.5,30.4,0.2586439496743151,29.127478435319457,1,0,0
0,Arsenal,Thierry Henry,113.4,51.8,0.30691374040375696,13.52035502492445,0,0,0
0,Birmingham City,Mikael Forssell,113.1,44.0,0.8599251797069029,7.975587752636169,0,0,0
0,Birmingham City,Stephen Clemence,106.9,22.299999999999997,0.22011767041110253,22.020445045457187,1,0,0
0,Arsenal,Fredrik Ljungberg,115.8,28.9,0.2632127024727219,11.86802426691149,0,0,0
1,Arsenal,Dennis Bergkamp,104.1,35.7,0.462690164022113,16.471186963907616,0,0,0
0,Birmingham City,Matthew Upson,115.2,43.5,1.1063525129138514,5.9405386961116555,0,0,0
1,Arsenal,Robert Pirès ,112.6,44.3,0.8029287585550543,8.558621384311849,0,0,0
0,Birmingham City,David Dunn,91.0,31.799999999999997,0.25464134278186273,30.137020423392887,1,0,0
0,Fulham,Zat Knight,88.6,41.6,0.2530258041408294,31.440737904826605,1,0,0
0,Arsenal,Kolo Habib Touré,115.5,40.9,1.4321747078445697,4.589117562233505,1,0,0
0,Arsenal,Fredrik Ljungberg,95.6,44.5,0.3150378497810934,24.811489274124604,0,0,0
0,Arsenal,Fredrik Ljungberg,108.1,45.7,0.5425359367113578,13.194695904036596,1,0,0
0,Arsenal,Fredrik Ljungberg,110.6,28.799999999999997,0.36369583887094603,14.6219013811474,0,0,0
0,Arsenal,Thierry Henry,100.7,59.2,0.2100090437794546,27.2237029075767,0,0,0
0,Arsenal,Eduardo César Daude Gaspar,100.9,57.4,0.23058355736446662,25.83737602776257,0,0,0
0,Arsenal,Robert Pirès ,108.7,52.6,0.3229218929283589,16.92483382488584,1,0,0
0,Arsenal,Thierry Henry,103.4,41.3,0.47074362823923166,16.650825805346706,1,0,0
0,Arsenal,Dennis Bergkamp,97.3,47.3,0.31783771563381563,23.844915600605507,0,0,0
0,Arsenal,Thierry Henry,96.3,53.3,0.25686723693170177,27.17682836535566,0,0,0
0,Arsenal,Thierry Henry,108.3,45.8,0.5451459472829621,13.058713566044707,0,0,0
0,Fulham,Sean Davis,88.2,40.6,0.2504212589913198,31.805659873676568,1,0,0
0,Arsenal,Gilberto Aparecido da Silva,84.8,40.0,0.22652857933397275,35.2,0,0,0
0,Arsenal,Fredrik Ljungberg,92.3,35.5,0.27996821474613054,28.063143088399777,1,0,0
0,Arsenal,Thierry Henry,115.9,38.1,1.437948150962855,4.518849411077995,0,1,0
0,Arsenal,Dennis Bergkamp,103.7,37.6,0.472450054758588,16.475739740600417,1,0,0
0,Fulham,Steed Malbranque,94.4,28.1,0.2567211621306039,28.230657094725935,0,0,0
0,Fulham,Louis Saha,100.6,35.4,0.38673149395732204,19.937903600930575,0,0,0
0,Arsenal,Dennis Bergkamp,111.3,28.200000000000003,0.33692613227450224,14.660491124106311,0,0,0
0,Arsenal,Fredrik Ljungberg,104.1,34.3,0.441708624664775,16.890825912311104,0,0,0
0,Fulham,Sylvain Legwinski,84.5,38.8,0.22437933625075115,35.52027589982938,0,0,0
0,Arsenal,"Sulzeer Jeremiah ""Sol"" Campbell",112.7,34.9,0.7459147741878642,8.905054744357273,0,0,0
0,Fulham,Moritz Volz,100.4,60.1,0.20054519829876474,28.074365531566333,1,0,0
0,Fulham,Steed Malbranque,109.9,41.3,0.745158342381036,10.183319694480769,0,1,0
0,Arsenal,Dennis Bergkamp,106.0,34.9,0.498454524595318,14.9,1,0,0
0,Arsenal,Thierry Henry,104.8,52.9,0.3089159304275086,19.936148073286375,0,0,0
0,Arsenal,Thierry Henry,93.0,41.3,0.2937926554132405,27.031278179176063,1,0,0
0,Arsenal,Thierry Henry,102.8,47.4,0.39054524804539725,18.72431574183687,0,0,0
0,Arsenal,Fredrik Ljungberg,106.9,55.1,0.26695809415367594,19.99049774267764,0,0,0
0,Arsenal,Nwankwo Christian Kanu,102.7,30.700000000000003,0.35849656580331457,19.64128305381295,0,0,0
0,Arsenal,Nwankwo Christian Kanu,103.1,44.6,0.4356635278145543,17.514850841500195,0,0,0
0,Tottenham Hotspur,Hélder Manuel Marques Postiga,91.6,33.5,0.2665965838476898,29.134343994674055,0,0,0
1,Tottenham Hotspur,Darren Anderton,112.7,42.9,0.9076296383812746,7.85493475466219,1,0,0
0,Arsenal,Thierry Henry,88.1,32.2,0.2359699170850411,32.83976248391575,0,0,0
0,Arsenal,Thierry Henry,109.9,53.9,0.2819837848104045,17.181967291320277,0,0,0
0,Tottenham Hotspur,Hélder Manuel Marques Postiga,93.7,36.2,0.29621355310782405,26.57310670584077,1,0,0
0,Arsenal,Gilberto Aparecido da Silva,87.7,32.5,0.2343396113704657,33.15931241747934,1,0,0
0,Arsenal,Ray Parlour,93.6,45.1,0.29058968624396914,26.88810145770802,1,0,0
0,Arsenal,Ray Parlour,98.8,44.0,0.36119415065814714,21.574058496258882,0,0,0
0,Tottenham Hotspur,Hélder Manuel Marques Postiga,107.7,55.9,0.24857083325157872,20.10223868130114,1,0,0
0,Arsenal,Nwankwo Christian Kanu,90.1,38.6,0.2656792769725359,29.932757975168283,0,0,0
0,Tottenham Hotspur,Hélder Manuel Marques Postiga,106.0,49.2,0.4007653453469706,16.752313273097542,1,0,0
0,Arsenal,Gilberto Aparecido da Silva,113.9,37.5,1.059185691566369,6.592419889539799,0,1,0
0,Tottenham Hotspur,Hélder Manuel Marques Postiga,102.6,60.8,0.191329355256977,27.118259531171983,0,0,0
0,Arsenal,Thierry Henry,97.6,33.4,0.32676131595204416,23.352087701102878,0,0,0
0,Arsenal,Thierry Henry,112.4,33.9,0.6568099291106311,9.745255255764208,0,0,0
1,Arsenal,Robert Pirès ,115.1,42.2,1.2550716104403459,5.37121960079832,1,0,0
0,Arsenal,Thierry Henry,92.7,29.9,0.25717287740756095,29.108418026406035,1,0,0
0,Tottenham Hotspur,Ledley King,114.9,34.2,0.752536533445747,7.723341245859846,0,1,0
1,Arsenal,Fredrik Ljungberg,98.2,50.2,0.30055605323977624,24.06823632923692,0,0,0
0,Wolverhampton Wanderers,Colin Cameron,91.5,55.4,0.21736906037591097,32.39459831515125,0,0,0
0,Arsenal,Thierry Henry,107.6,51.3,0.3580059987664649,16.77647161950331,0,0,0
0,Arsenal,Fredrik Ljungberg,107.9,37.3,0.6133070461906327,12.397580409095958,0,0,0
1,Arsenal,Thierry Henry,107.6,43.7,0.5804440037653992,12.94024729284569,1,0,0
0,Arsenal,Dennis Bergkamp,100.5,54.7,0.26286760277984783,24.420073709962466,0,0,0
0,Wolverhampton Wanderers,Kenny Miller,100.6,47.5,0.35695979213072937,20.799278833651904,1,0,0
0,Arsenal,Ray Parlour,87.0,44.2,0.2377293200256707,33.266199061509866,0,0,0
0,Arsenal,Dennis Bergkamp,111.1,51.1,0.36522972459918096,14.22743827960607,0,0,0
0,Wolverhampton Wanderers,Henri Camara,95.5,38.8,0.3232538606526372,24.529370150902775,1,0,0
0,Wolverhampton Wanderers,Jody Craddock,110.5,31.200000000000003,0.4649545841744758,12.949517365523702,1,0,0
0,Arsenal,Robert Pirès ,100.7,52.3,0.2954841805952994,22.886240407720965,0,0,0
0,Wolverhampton Wanderers,Mark Kennedy,99.6,23.4,0.23722325685355003,26.300570336021238,1,0,0
0,Arsenal,Dennis Bergkamp,101.6,41.0,0.4273717691238789,18.42715387681994,0,0,0
0,Arsenal,"Sulzeer Jeremiah ""Sol"" Campbell",105.8,41.0,0.5472870810226319,14.2351677194194,0,0,0
0,Arsenal,"Sulzeer Jeremiah ""Sol"" Campbell",110.5,34.6,0.6344230047228108,10.927488274987988,1,0,0
0,Wolverhampton Wanderers,Paul Ince,98.8,49.5,0.31351071632247113,23.231228981696173,1,0,0
0,Arsenal,Dennis Bergkamp,108.1,27.4,0.32338587653876494,17.33118576439593,1,0,0
0,Arsenal,Jérémie Aliadière,116.3,52.7,0.18429757040739608,13.228000604777733,1,0,0
0,Arsenal,Eduardo César Daude Gaspar,92.5,38.1,0.2878438708083323,27.56555822035897,0,0,0
1,Arsenal,Thierry Henry,108.7,53.1,0.3092085945597101,17.30028901492689,0,0,0
0,Liverpool,John Arne Semundseth Riise,81.9,51.0,0.19355798739404917,39.65614706448421,0,0,0
1,Liverpool,Sami Hyypiä,117.9,39.2,2.149313313236469,2.247220505424417,0,0,0
0,Liverpool,Harry Kewell,97.6,46.5,0.3275153812002831,23.324021951627476,1,0,0
0,Liverpool,Sami Hyypiä,112.2,40.4,0.9468335186214445,7.810249675906651,0,1,0
0,Arsenal,Fredrik Ljungberg,110.4,27.6,0.32272250568898775,15.681836627130123,0,0,0
0,Arsenal,Thierry Henry,103.1,51.9,0.31796796639803765,20.669300907384365,0,0,0
0,Liverpool,Michael Owen,107.6,44.1,0.5711293550603908,13.060245020672475,1,0,0
1,Arsenal,Thierry Henry,104.3,49.7,0.36958954778607267,18.454809671194127,0,0,0
0,Arsenal,Thierry Henry,91.3,53.9,0.22571946846030766,31.88886953154659,0,0,0
1,Liverpool,Michael Owen,112.2,31.799999999999997,0.508558966147688,11.317243480636085,1,0,0
0,Liverpool,Harry Kewell,114.8,53.5,0.21222924338394178,14.466858677681206,1,0,0
0,Arsenal,Laureano Bisan-Etame Mayer,110.1,34.3,0.605740395334547,11.423659658795868,1,0,0
0,Arsenal,Thierry Henry,118.3,32.6,0.31614308784637696,7.592759709091286,1,0,0
0,Liverpool,Harry Kewell,93.1,36.2,0.2899466476922557,27.167075661542967,1,0,0
1,Arsenal,Robert Pirès ,112.7,48.4,0.4968367789586061,11.128791488746652,1,0,0
1,Arsenal,Thierry Henry,112.1,50.0,0.40794985110893744,12.744018204632322,0,0,0
0,Arsenal,Thierry Henry,89.5,51.3,0.2302644684979252,32.52598960831169,0,0,0
0,Liverpool,Harry Kewell,96.8,53.6,0.2569146231652466,26.892378102354577,0,0,0
0,Arsenal,Thierry Henry,111.4,40.8,0.8660612309869783,8.637129152675667,0,0,0
0,Arsenal,Thierry Henry,111.6,38.8,0.8768384753460126,8.485281374238577,0,0,0
1,Arsenal,Thierry Henry,112.9,37.3,0.9383648280345729,7.596051605933173,1,0,0
0,Liverpool,Steven Gerrard,91.1,43.9,0.270567581859692,29.16196152524724,1,0,0
0,Liverpool,Michael Owen,106.9,48.6,0.42868557377786487,15.670673246545594,0,0,0
0,Arsenal,Dennis Bergkamp,91.5,45.5,0.26943643015723456,29.025850547399987,0,0,0
0,Arsenal,Fredrik Ljungberg,117.9,55.3,0.07544937006328276,15.443445211480498,0,0,0
0,Liverpool,Steven Gerrard,92.1,49.6,0.25573295015575387,29.505423230314797,0,0,0
0,Arsenal,Dennis Bergkamp,107.7,51.2,0.3612494068993487,16.63520363566374,0,0,0
0,Bolton Wanderers,Kevin Nolan,109.7,52.9,0.3111650387663892,16.507574019219174,1,0,0
0,Arsenal,Thierry Henry,92.1,54.3,0.2270955064064909,31.351236020291132,0,0,0
0,Arsenal,Robert Pirès ,94.3,35.1,0.29867015203703867,26.16295090390226,0,0,0
0,Arsenal,Thierry Henry,93.2,53.7,0.23665088475934334,30.09867106700892,0,0,0
1,Arsenal,Robert Pirès ,99.0,50.0,0.31001399020239445,23.259406699226012,0,0,0
0,Arsenal,Thierry Henry,102.7,60.4,0.1955475336380254,26.74789711360502,0,0,0
0,Arsenal,Thierry Henry,117.0,49.6,0.27506079641106135,10.057832768544127,0,0,0
1,Arsenal,Dennis Bergkamp,112.8,36.2,0.8539662315982683,8.14125297481905,1,0,0
0,Arsenal,Gilberto Aparecido da Silva,98.2,33.9,0.33816348727409945,22.637358503146956,0,0,0
0,Bolton Wanderers,"Bruno N""Gotty",111.4,36.0,0.7499908624148216,9.484724561103494,0,0,0
1,Bolton Wanderers,Iván Campo Ramos,117.8,45.1,0.8715134494610174,5.554277630799528,0,0,0
0,Bolton Wanderers,"Augustine Azuka ""Jay-Jay"" Okocha",91.4,48.3,0.2571825307534479,29.78002686365477,0,0,0
0,Bolton Wanderers,Stylianos Giannakopoulos,111.9,36.9,0.8311352240311808,8.672946442818606,0,1,0
0,Bolton Wanderers,Kevin Nolan,108.6,26.6,0.3015719458261113,17.5931804969994,1,0,0
0,Bolton Wanderers,Kevin Cyril Davies,115.2,45.7,0.7718125489165185,7.451845409024532,0,0,0
0,Bolton Wanderers,Kevin Cyril Davies,108.3,49.6,0.4143761493165148,15.13439790675533,0,0,0
0,Arsenal,Thierry Henry,97.5,51.1,0.2856941591535222,25.08904143246609,1,0,0
0,Arsenal,Robert Pirès ,108.0,49.8,0.4052450229437056,15.493224325491449,1,0,0
0,Arsenal,Dennis Bergkamp,105.4,26.5,0.2989476569408866,19.88491890855982,0,0,0
0,Bolton Wanderers,Simon Charlton,83.5,43.0,0.21708792411792152,36.62308015445997,1,0,0
0,Bolton Wanderers,Kevin Cyril Davies,110.2,40.8,0.7717716415853046,9.832598842625481,0,1,0
0,Bolton Wanderers,Iván Campo Ramos,111.5,41.2,0.8680166294648434,8.584287972802404,1,0,0
0,Blackburn Rovers,Dwight Yorke,103.9,42.6,0.4762462491442114,16.30858669535775,0,0,0
0,Blackburn Rovers,Markus Babbel,109.7,36.2,0.6682013874203407,10.978615577567142,0,0,0
1,Arsenal,Dennis Bergkamp,111.5,32.6,0.5501813612202637,11.26987133910587,0,0,0
0,Arsenal,Dennis Bergkamp,88.6,41.0,0.25341517339075376,31.415919531345896,0,0,0
0,Arsenal,Robert Pirès ,106.5,41.2,0.5727253959792238,13.553228397691823,0,0,0
0,Blackburn Rovers,Barry Ferguson,88.9,46.7,0.24501114077052374,31.81351913888182,0,0,0
0,Arsenal,Patrick Vieira,104.8,44.0,0.4849518301941979,15.717506163510803,1,0,0
0,Arsenal,Thierry Henry,85.1,39.3,0.22836910053581871,34.90701935141413,0,0,0
0,Arsenal,Robert Pirès ,102.3,44.3,0.42194904184742205,18.214829123546565,0,0,0
0,Arsenal,Fredrik Ljungberg,99.6,33.4,0.35279382290832784,21.441082062246775,0,0,0
0,Arsenal,Robert Pirès ,111.9,46.6,0.6083374293814523,10.448444860360796,0,0,0
0,Arsenal,Thierry Henry,105.7,44.3,0.5054154493813304,14.932514858522655,0,0,0
0,Arsenal,Fredrik Ljungberg,102.7,34.7,0.4186615391229868,18.093645293306704,1,0,0
0,Blackburn Rovers,Barry Ferguson,102.3,36.9,0.4327080451241486,17.969418465826884,1,0,0
0,Blackburn Rovers,Tugay Kerimoğlu,93.6,31.4,0.273063692748084,27.765446151646838,0,0,0
0,Blackburn Rovers,Barry Ferguson,112.0,53.0,0.2871142505845126,15.264337522473747,1,0,0
0,Arsenal,Fredrik Ljungberg,106.0,23.5,0.24301863675579966,21.639085008382402,0,0,0
0,Arsenal,Thierry Henry,116.4,44.5,1.0334376837396622,5.762811813689559,0,1,0
0,Blackburn Rovers,Craig Short,116.7,46.8,0.5714534685830481,7.558438992278759,0,0,0
0,Blackburn Rovers,Dwight Yorke,114.7,38.7,1.257550428634032,5.457105459856898,1,0,0
0,Arsenal,Thierry Henry,104.2,46.2,0.4353347405448403,16.972919607421698,1,0,0
0,Arsenal,Robert Pirès ,113.6,37.1,0.9940912860731099,7.026378868236473,1,0,0
0,Arsenal,Sylvain Wiltord,112.6,43.8,0.8395324146180111,8.318653737234172,1,0,0
1,Arsenal,Robert Pirès ,100.9,50.1,0.32711503320550833,21.60601768026676,1,0,0
0,Arsenal,Thierry Henry,97.6,34.0,0.3311596835848692,23.189652865017194,0,0,0
0,Leeds United,Alan Smith,98.6,49.5,0.31153604039122024,23.413884769512304,0,0,0
0,Leeds United,Mark Viduka,92.4,32.9,0.2707995171988661,28.49859645666782,0,0,0
1,Arsenal,Thierry Henry,109.0,34.5,0.5774007984221192,12.298373876248842,0,0,0
0,Leeds United,Ian Harte,81.8,40.7,0.20880403447159573,38.206413074247116,0,0,0
0,Arsenal,Patrick Vieira,112.0,44.0,0.7861555996090015,8.94427190999916,0,0,0
0,Arsenal,Thierry Henry,85.2,40.2,0.22910236076653748,34.80057470789814,0,0,0
1,Arsenal,Thierry Henry,102.5,49.6,0.3512978396269453,19.960210419732554,0,0,0
0,Arsenal,Sylvain Wiltord,104.8,43.1,0.49661175591215223,15.51289785952322,0,0,0
0,Arsenal,Dennis Bergkamp,110.4,21.799999999999997,0.18652422254216444,20.576685836159328,0,0,0
1,Arsenal,Thierry Henry,111.3,46.1,0.6235168861945619,10.6254411673116,0,0,0
0,Arsenal,José Antonio Reyes Calderón,100.1,47.8,0.34689329502250954,21.374049686477296,0,0,0
0,Arsenal,"Sulzeer Jeremiah ""Sol"" Campbell",113.9,43.5,0.9706838354652172,7.032780389006892,0,1,0
0,Arsenal,Thierry Henry,107.6,47.5,0.47313458544607195,14.491721774861679,0,0,0
0,Arsenal,José Antonio Reyes Calderón,95.2,44.4,0.3107627925869749,25.18729838628986,1,0,0
0,Arsenal,José Antonio Reyes Calderón,106.7,33.6,0.4855933599939155,14.759742545180112,0,0,0
0,Bolton Wanderers,Kevin Cyril Davies,104.5,44.0,0.4769338603490563,16.00781059358212,1,0,0
0,Bolton Wanderers,Kevin Cyril Davies,104.1,41.1,0.4912705750969136,15.938004893963367,1,0,0
0,Bolton Wanderers,Kevin Nolan,111.0,30.200000000000003,0.4208857323744982,13.305637902783916,1,0,0
0,Arsenal,Thierry Henry,91.9,45.8,0.2718665879705284,28.69233347080714,0,0,0
0,Bolton Wanderers,Émerson Augusto Thome,103.4,44.0,0.4495263889482519,17.07512811079319,0,0,0
0,Bolton Wanderers,Youri Djorkaeff,107.7,38.9,0.6251931638477022,12.349089035228467,1,0,0
0,Arsenal,Fredrik Ljungberg,86.9,33.4,0.23176528376203973,33.75159255501879,0,0,0
0,Arsenal,Dennis Bergkamp,99.9,32.3,0.34544879234924675,21.52440475367437,1,0,0
0,Bolton Wanderers,Kevin Nolan,112.1,26.200000000000003,0.26104567248336014,15.901257811883939,0,0,0
0,Bolton Wanderers,Kevin Cyril Davies,108.7,40.4,0.6803712452350474,11.307077429645554,1,0,0
0,Bolton Wanderers,Per Frandsen,89.2,43.0,0.2561884853358854,30.94575899860916,0,0,0
0,Arsenal,Fredrik Ljungberg,108.9,34.7,0.5813776487655893,12.300406497347957,0,0,0
0,Bolton Wanderers,Kevin Cyril Davies,96.1,41.4,0.3308986868269755,23.94096906977661,0,0,0
0,Arsenal,Gilberto Aparecido da Silva,92.8,36.1,0.28662627641488064,27.478173156161603,0,0,0
0,Arsenal,Fredrik Ljungberg,106.5,34.4,0.5006698556747841,14.615402833996743,1,0,0
1,Arsenal,Robert Pirès ,109.5,42.3,0.7015892018288552,10.74895343742822,1,0,0
0,Bolton Wanderers,Youri Djorkaeff,99.7,44.7,0.37078958612310603,20.83698634639856,0,0,0
0,Bolton Wanderers,Ricardo Wayne Gardner,108.9,58.9,0.18912505320210124,21.91848534912939,0,0,0
0,Bolton Wanderers,Youri Djorkaeff,109.6,55.9,0.23691236105766447,18.999210509913304,0,0,0
0,Bolton Wanderers,"Augustine Azuka ""Jay-Jay"" Okocha",94.8,49.9,0.27435148149231203,27.074896121684382,1,0,0
0,Bolton Wanderers,Per Frandsen,96.5,33.5,0.3145256462237819,24.38237068047322,1,0,0
0,Bolton Wanderers,Ricardo Wayne Gardner,93.4,43.8,0.29304748440760425,26.8700576850888,1,0,0
0,Bolton Wanderers,Nicky Hunt,94.4,28.4,0.2589571267801998,28.10551547294587,1,0,0
1,Bolton Wanderers,Henrik Pedersen,101.0,36.1,0.3997004673694377,19.39613363534083,0,0,0
0,Arsenal,Thierry Henry,102.7,23.700000000000003,0.24721119352480686,23.769307941124406,0,0,0
0,Arsenal,Fredrik Ljungberg,99.7,21.6,0.21778104222202557,27.39799262719807,0,0,0
0,Charlton Athletic,Scott Parker,95.5,43.1,0.3191041358945412,24.69534369066363,0,0,0
0,Arsenal,Ashley Cole,105.5,53.7,0.29516376620449297,19.948433522459855,0,0,0
0,Arsenal,Thierry Henry,100.1,26.0,0.2699262799100326,24.331255619059206,0,0,0
0,Charlton Athletic,Jonatan Lillebror Johansson,95.2,39.8,0.3201238378280879,24.800806438501144,0,0,0
0,Charlton Athletic,Jonatan Lillebror Johansson,109.0,52.0,0.34007081020562413,16.278820596099706,1,0,0
0,Charlton Athletic,Jason Joseph Euell,94.2,45.7,0.2941166693426121,26.42214979898494,0,0,0
0,Arsenal,Dennis Bergkamp,92.6,30.0,0.2570505600087917,29.167790454540782,0,0,0
0,Charlton Athletic,Hermann Hreidarsson,112.1,42.4,0.8815137741559755,8.25651258098721,0,1,0
0,Charlton Athletic,Jason Joseph Euell,108.0,48.2,0.45745309920346366,14.534097839219331,0,0,0
0,Arsenal,Ray Parlour,82.9,34.2,0.20998314441974203,37.55063248468658,0,0,0
0,Arsenal,Thierry Henry,95.2,51.0,0.2691385563535324,27.13005713226568,0,0,0
0,Arsenal,Nwankwo Christian Kanu,117.8,29.9,0.1916107008634031,10.336827366266697,0,0,0
1,Arsenal,Dennis Bergkamp,104.4,45.2,0.45652157699106016,16.44384383287557,1,0,0
0,Arsenal,Thierry Henry,107.2,61.9,0.16194282092294657,25.36631624812716,0,0,0
0,Arsenal,Gilberto Aparecido da Silva,109.1,29.700000000000003,0.39585082100216024,14.996666296213972,1,0,0
0,Wolverhampton Wanderers,Paul Butler,113.9,32.2,0.5371740326752232,9.902019995940217,0,1,0
0,Arsenal,"Sulzeer Jeremiah ""Sol"" Campbell",109.1,40.7,0.7017360685133297,10.922453936730523,0,1,0
1,Wolverhampton Wanderers,Ioan Viorel Ganea,106.9,39.3,0.591811081753087,13.118688958886091,1,0,0
0,Arsenal,Dennis Bergkamp,91.7,40.1,0.28110180287401343,28.30017667789372,0,0,0
0,Wolverhampton Wanderers,Carl Cort,105.8,53.7,0.29569188382941414,19.731446981911898,1,0,0
0,Wolverhampton Wanderers,Ioan Viorel Ganea,107.4,37.5,0.5953245454664275,12.845621822239666,0,0,0
0,Wolverhampton Wanderers,Kenny Miller,93.8,28.6,0.25637538524920966,28.572714256787016,1,0,0
0,Arsenal,Dennis Bergkamp,109.6,29.700000000000003,0.3977678443540976,14.63728116830445,0,0,0
0,Arsenal,Eduardo César Daude Gaspar,100.3,49.5,0.32885213175856376,21.870985345886915,1,0,0
1,Arsenal,Thierry Henry,106.5,30.799999999999997,0.40690615973186595,16.33676834627951,1,0,0
0,Arsenal,Thierry Henry,94.5,51.2,0.26260538349932466,27.851211822827388,0,0,0
1,Arsenal,Kolo Habib Touré,117.6,40.7,2.0416041747147373,2.500000000000006,0,0,1
0,Wolverhampton Wanderers,Mark Kennedy,99.6,50.1,0.31453824225950483,22.763347732704,0,0,0
0,Wolverhampton Wanderers,Denis Irwin,88.9,27.299999999999997,0.2202413303790233,33.593154064481645,0,0,0
0,Arsenal,Ashley Cole,111.3,52.7,0.3054563526909681,15.394154734833611,1,0,0
0,Wolverhampton Wanderers,Kenny Miller,82.1,39.2,0.21042205718215642,37.90844233149129,0,0,0
0,Wolverhampton Wanderers,Alex Rae,92.3,31.1,0.2610135471302059,29.094673051952313,0,0,0
0,Wolverhampton Wanderers,Ioan Viorel Ganea,88.5,20.799999999999997,0.18541526149058163,36.89024261237652,0,0,0
0,Arsenal,José Antonio Reyes Calderón,108.0,33.8,0.5236954480514101,13.507035203922438,0,0,0
1,Arsenal,José Antonio Reyes Calderón,114.0,34.6,0.7742931815025215,8.072174428244224,0,0,1
0,Fulham,Luís Boa Morte Pereira,108.3,43.0,0.625021534392895,12.07849328351844,0,0,0
0,Fulham,Steed Malbranque,117.4,49.1,0.275912428024376,9.464142856064674,1,0,0
0,Fulham,Steed Malbranque,99.5,32.7,0.34451587646440374,21.76097424289639,0,0,0
0,Arsenal,Ashley Cole,115.4,51.9,0.24595817587774194,12.758134659894445,0,0,0
0,Fulham,Junichi Inamoto,104.2,19.799999999999997,0.1946939244707489,25.645272468819666,0,0,0
0,Arsenal,Thierry Henry,100.5,61.9,0.1829884194570077,29.32336951988976,0,0,0
0,Arsenal,Fredrik Ljungberg,99.2,27.200000000000003,0.2794554384823042,24.422940035957993,0,0,0
0,Fulham,Steed Malbranque,108.6,42.2,0.6553377848646493,11.61034021896,0,0,0
0,Fulham,Sylvain Legwinski,92.2,28.6,0.24596835349376633,30.046630426721723,1,0,0
0,Fulham,Collins John,106.2,38.7,0.5604366876010366,13.861096637712325,0,0,0
0,Arsenal,José Antonio Reyes Calderón,102.3,25.700000000000003,0.27532415423024814,22.7547797176769,0,0,0
0,Fulham,Brian McBride,89.3,44.1,0.2549622507787094,30.972568508278425,0,0,0
0,Fulham,Sylvain Legwinski,98.8,37.5,0.3685050318432432,21.346896729969913,1,0,0
0,Fulham,Moritz Volz,112.1,25.200000000000003,0.23398972269671792,16.776471619503308,0,0,0
0,Fulham,Sylvain Legwinski,94.5,28.799999999999997,0.26260538349932466,27.851211822827388,0,0,0
0,Fulham,Collins John,94.7,34.5,0.30028361329974046,25.8909250510676,0,0,0
0,Fulham,Carlos Manuel Bocanegra,102.2,57.4,0.23191926065513951,24.891765706755315,0,1,0
0,Arsenal,Gaël Clichy,101.9,49.8,0.3416492987665029,20.582759776084444,0,0,0
0,Fulham,Steed Malbranque,105.1,30.799999999999997,0.38958951578941026,17.511424842085248,0,0,0
0,Arsenal,Thierry Henry,58.0,2.299999999999997,0.09430442744403199,72.56231804456084,0,0,0
0,Newcastle United,Craig Bellamy,105.3,25.6,0.2812782795349639,20.577900767571023,1,0,0
0,Newcastle United,Craig Bellamy,110.1,36.6,0.703083338442235,10.467568963231153,1,0,0
0,Newcastle United,Alan Shearer,106.1,7.099999999999994,0.08814304609775267,35.71582282406497,1,0,0
0,Arsenal,Thierry Henry,100.2,36.5,0.3877169025604196,20.10696396774013,1,0,0
0,Newcastle United,Gary Speed,89.4,37.9,0.25903741172465466,30.671974178392883,1,0,0
0,Arsenal,Thierry Henry,95.0,60.9,0.1891498600289919,32.58542619024646,0,0,0
0,Arsenal,Gilberto Aparecido da Silva,92.9,42.9,0.2901721132280364,27.254724361108472,0,0,0
0,Arsenal,Thierry Henry,103.8,54.7,0.27347289674176356,21.875328568960974,0,0,0
0,Newcastle United,Darren Ambrose,98.6,38.3,0.367740072314684,21.467417171145676,1,0,0
0,Arsenal,Sylvain Wiltord,105.8,46.1,0.471892363271619,15.454772725601632,1,0,0
0,Arsenal,Thierry Henry,116.9,30.200000000000003,0.2702345412083379,10.278618584226187,0,0,1
0,Arsenal,Thierry Henry,89.3,47.4,0.2455000505124403,31.579265349276262,0,0,0
0,Newcastle United,Olivier Bernard,112.9,59.4,0.137553290519302,20.658412330089643,0,0,0
0,Arsenal,José Antonio Reyes Calderón,93.1,24.799999999999997,0.22559811102144908,30.89741089476593,0,0,0
0,Newcastle United,Laurent Robert,78.2,41.1,0.1908679123085787,41.81447117924607,0,0,0
0,Arsenal,José Antonio Reyes Calderón,113.8,46.7,0.6356268763336324,9.128526715741158,0,0,0
0,Arsenal,Thierry Henry,96.6,55.3,0.2400365283074988,27.958004220616324,0,0,0
0,Newcastle United,Craig Bellamy,109.7,54.9,0.25840275262433454,18.113530854032845,1,0,0
0,Arsenal,Kolo Habib Touré,111.5,37.0,0.8067850627993464,9.013878188659973,0,0,0
